corpus-id,image_path
0,data/energy/images/0.jpg
1,data/energy/images/1.jpg
2,data/energy/images/2.jpg
3,data/energy/images/3.jpg
5,data/energy/images/5.jpg
6,data/energy/images/6.jpg
7,data/energy/images/7.jpg
8,data/energy/images/8.jpg
9,data/energy/images/9.jpg
10,data/energy/images/10.jpg
11,data/energy/images/11.jpg
12,data/energy/images/12.jpg
13,data/energy/images/13.jpg
15,data/energy/images/15.jpg
16,data/energy/images/16.jpg
17,data/energy/images/17.jpg
18,data/energy/images/18.jpg
19,data/energy/images/19.jpg
20,data/energy/images/20.jpg
21,data/energy/images/21.jpg
22,data/energy/images/22.jpg
23,data/energy/images/23.jpg
24,data/energy/images/24.jpg
25,data/energy/images/25.jpg
26,data/energy/images/26.jpg
27,data/energy/images/27.jpg
28,data/energy/images/28.jpg
29,data/energy/images/29.jpg
30,data/energy/images/30.jpg
31,data/energy/images/31.jpg
33,data/energy/images/33.jpg
34,data/energy/images/34.jpg
35,data/energy/images/35.jpg
36,data/energy/images/36.jpg
37,data/energy/images/37.jpg
38,data/energy/images/38.jpg
39,data/energy/images/39.jpg
40,data/energy/images/40.jpg
41,data/energy/images/41.jpg
42,data/energy/images/42.jpg
43,data/energy/images/43.jpg
44,data/energy/images/44.jpg
45,data/energy/images/45.jpg
46,data/energy/images/46.jpg
47,data/energy/images/47.jpg
48,data/energy/images/48.jpg
49,data/energy/images/49.jpg
50,data/energy/images/50.jpg
51,data/energy/images/51.jpg
52,data/energy/images/52.jpg
53,data/energy/images/53.jpg
54,data/energy/images/54.jpg
55,data/energy/images/55.jpg
56,data/energy/images/56.jpg
57,data/energy/images/57.jpg
58,data/energy/images/58.jpg
59,data/energy/images/59.jpg
60,data/energy/images/60.jpg
61,data/energy/images/61.jpg
63,data/energy/images/63.jpg
64,data/energy/images/64.jpg
65,data/energy/images/65.jpg
66,data/energy/images/66.jpg
67,data/energy/images/67.jpg
68,data/energy/images/68.jpg
69,data/energy/images/69.jpg
70,data/energy/images/70.jpg
71,data/energy/images/71.jpg
72,data/energy/images/72.jpg
73,data/energy/images/73.jpg
74,data/energy/images/74.jpg
75,data/energy/images/75.jpg
76,data/energy/images/76.jpg
77,data/energy/images/77.jpg
79,data/energy/images/79.jpg
80,data/energy/images/80.jpg
81,data/energy/images/81.jpg
82,data/energy/images/82.jpg
83,data/energy/images/83.jpg
84,data/energy/images/84.jpg
85,data/energy/images/85.jpg
86,data/energy/images/86.jpg
87,data/energy/images/87.jpg
88,data/energy/images/88.jpg
89,data/energy/images/89.jpg
90,data/energy/images/90.jpg
91,data/energy/images/91.jpg
92,data/energy/images/92.jpg
93,data/energy/images/93.jpg
94,data/energy/images/94.jpg
95,data/energy/images/95.jpg
96,data/energy/images/96.jpg
97,data/energy/images/97.jpg
98,data/energy/images/98.jpg
99,data/energy/images/99.jpg
100,data/energy/images/100.jpg
101,data/energy/images/101.jpg
102,data/energy/images/102.jpg
103,data/energy/images/103.jpg
104,data/energy/images/104.jpg
105,data/energy/images/105.jpg
106,data/energy/images/106.jpg
107,data/energy/images/107.jpg
108,data/energy/images/108.jpg
109,data/energy/images/109.jpg
110,data/energy/images/110.jpg
111,data/energy/images/111.jpg
112,data/energy/images/112.jpg
113,data/energy/images/113.jpg
114,data/energy/images/114.jpg
115,data/energy/images/115.jpg
116,data/energy/images/116.jpg
117,data/energy/images/117.jpg
118,data/energy/images/118.jpg
119,data/energy/images/119.jpg
120,data/energy/images/120.jpg
121,data/energy/images/121.jpg
122,data/energy/images/122.jpg
124,data/energy/images/124.jpg
126,data/energy/images/126.jpg
128,data/energy/images/128.jpg
129,data/energy/images/129.jpg
130,data/energy/images/130.jpg
132,data/energy/images/132.jpg
134,data/energy/images/134.jpg
135,data/energy/images/135.jpg
136,data/energy/images/136.jpg
137,data/energy/images/137.jpg
138,data/energy/images/138.jpg
139,data/energy/images/139.jpg
140,data/energy/images/140.jpg
141,data/energy/images/141.jpg
142,data/energy/images/142.jpg
143,data/energy/images/143.jpg
144,data/energy/images/144.jpg
145,data/energy/images/145.jpg
146,data/energy/images/146.jpg
147,data/energy/images/147.jpg
148,data/energy/images/148.jpg
149,data/energy/images/149.jpg
150,data/energy/images/150.jpg
151,data/energy/images/151.jpg
152,data/energy/images/152.jpg
153,data/energy/images/153.jpg
154,data/energy/images/154.jpg
155,data/energy/images/155.jpg
156,data/energy/images/156.jpg
157,data/energy/images/157.jpg
158,data/energy/images/158.jpg
159,data/energy/images/159.jpg
160,data/energy/images/160.jpg
161,data/energy/images/161.jpg
162,data/energy/images/162.jpg
164,data/energy/images/164.jpg
165,data/energy/images/165.jpg
166,data/energy/images/166.jpg
167,data/energy/images/167.jpg
168,data/energy/images/168.jpg
169,data/energy/images/169.jpg
170,data/energy/images/170.jpg
171,data/energy/images/171.jpg
172,data/energy/images/172.jpg
173,data/energy/images/173.jpg
174,data/energy/images/174.jpg
175,data/energy/images/175.jpg
176,data/energy/images/176.jpg
177,data/energy/images/177.jpg
178,data/energy/images/178.jpg
179,data/energy/images/179.jpg
180,data/energy/images/180.jpg
181,data/energy/images/181.jpg
182,data/energy/images/182.jpg
183,data/energy/images/183.jpg
184,data/energy/images/184.jpg
185,data/energy/images/185.jpg
186,data/energy/images/186.jpg
187,data/energy/images/187.jpg
188,data/energy/images/188.jpg
189,data/energy/images/189.jpg
190,data/energy/images/190.jpg
191,data/energy/images/191.jpg
192,data/energy/images/192.jpg
193,data/energy/images/193.jpg
194,data/energy/images/194.jpg
195,data/energy/images/195.jpg
196,data/energy/images/196.jpg
197,data/energy/images/197.jpg
198,data/energy/images/198.jpg
199,data/energy/images/199.jpg
200,data/energy/images/200.jpg
201,data/energy/images/201.jpg
202,data/energy/images/202.jpg
203,data/energy/images/203.jpg
204,data/energy/images/204.jpg
206,data/energy/images/206.jpg
207,data/energy/images/207.jpg
208,data/energy/images/208.jpg
209,data/energy/images/209.jpg
210,data/energy/images/210.jpg
211,data/energy/images/211.jpg
212,data/energy/images/212.jpg
213,data/energy/images/213.jpg
214,data/energy/images/214.jpg
215,data/energy/images/215.jpg
216,data/energy/images/216.jpg
217,data/energy/images/217.jpg
218,data/energy/images/218.jpg
219,data/energy/images/219.jpg
220,data/energy/images/220.jpg
221,data/energy/images/221.jpg
222,data/energy/images/222.jpg
223,data/energy/images/223.jpg
224,data/energy/images/224.jpg
225,data/energy/images/225.jpg
226,data/energy/images/226.jpg
227,data/energy/images/227.jpg
228,data/energy/images/228.jpg
229,data/energy/images/229.jpg
230,data/energy/images/230.jpg
231,data/energy/images/231.jpg
232,data/energy/images/232.jpg
233,data/energy/images/233.jpg
234,data/energy/images/234.jpg
235,data/energy/images/235.jpg
236,data/energy/images/236.jpg
237,data/energy/images/237.jpg
238,data/energy/images/238.jpg
239,data/energy/images/239.jpg
240,data/energy/images/240.jpg
241,data/energy/images/241.jpg
242,data/energy/images/242.jpg
244,data/energy/images/244.jpg
245,data/energy/images/245.jpg
246,data/energy/images/246.jpg
247,data/energy/images/247.jpg
248,data/energy/images/248.jpg
249,data/energy/images/249.jpg
250,data/energy/images/250.jpg
251,data/energy/images/251.jpg
252,data/energy/images/252.jpg
253,data/energy/images/253.jpg
254,data/energy/images/254.jpg
255,data/energy/images/255.jpg
256,data/energy/images/256.jpg
257,data/energy/images/257.jpg
258,data/energy/images/258.jpg
259,data/energy/images/259.jpg
260,data/energy/images/260.jpg
261,data/energy/images/261.jpg
262,data/energy/images/262.jpg
263,data/energy/images/263.jpg
264,data/energy/images/264.jpg
265,data/energy/images/265.jpg
266,data/energy/images/266.jpg
267,data/energy/images/267.jpg
268,data/energy/images/268.jpg
269,data/energy/images/269.jpg
270,data/energy/images/270.jpg
271,data/energy/images/271.jpg
272,data/energy/images/272.jpg
273,data/energy/images/273.jpg
274,data/energy/images/274.jpg
275,data/energy/images/275.jpg
276,data/energy/images/276.jpg
277,data/energy/images/277.jpg
278,data/energy/images/278.jpg
279,data/energy/images/279.jpg
280,data/energy/images/280.jpg
281,data/energy/images/281.jpg
282,data/energy/images/282.jpg
283,data/energy/images/283.jpg
284,data/energy/images/284.jpg
285,data/energy/images/285.jpg
286,data/energy/images/286.jpg
287,data/energy/images/287.jpg
288,data/energy/images/288.jpg
289,data/energy/images/289.jpg
290,data/energy/images/290.jpg
291,data/energy/images/291.jpg
292,data/energy/images/292.jpg
293,data/energy/images/293.jpg
294,data/energy/images/294.jpg
295,data/energy/images/295.jpg
296,data/energy/images/296.jpg
297,data/energy/images/297.jpg
298,data/energy/images/298.jpg
299,data/energy/images/299.jpg
300,data/energy/images/300.jpg
301,data/energy/images/301.jpg
302,data/energy/images/302.jpg
303,data/energy/images/303.jpg
304,data/energy/images/304.jpg
305,data/energy/images/305.jpg
306,data/energy/images/306.jpg
307,data/energy/images/307.jpg
308,data/energy/images/308.jpg
309,data/energy/images/309.jpg
310,data/energy/images/310.jpg
312,data/energy/images/312.jpg
313,data/energy/images/313.jpg
314,data/energy/images/314.jpg
315,data/energy/images/315.jpg
316,data/energy/images/316.jpg
317,data/energy/images/317.jpg
318,data/energy/images/318.jpg
319,data/energy/images/319.jpg
320,data/energy/images/320.jpg
321,data/energy/images/321.jpg
322,data/energy/images/322.jpg
323,data/energy/images/323.jpg
324,data/energy/images/324.jpg
325,data/energy/images/325.jpg
326,data/energy/images/326.jpg
327,data/energy/images/327.jpg
328,data/energy/images/328.jpg
329,data/energy/images/329.jpg
330,data/energy/images/330.jpg
331,data/energy/images/331.jpg
332,data/energy/images/332.jpg
333,data/energy/images/333.jpg
334,data/energy/images/334.jpg
335,data/energy/images/335.jpg
336,data/energy/images/336.jpg
337,data/energy/images/337.jpg
338,data/energy/images/338.jpg
339,data/energy/images/339.jpg
340,data/energy/images/340.jpg
341,data/energy/images/341.jpg
342,data/energy/images/342.jpg
343,data/energy/images/343.jpg
344,data/energy/images/344.jpg
345,data/energy/images/345.jpg
346,data/energy/images/346.jpg
347,data/energy/images/347.jpg
348,data/energy/images/348.jpg
349,data/energy/images/349.jpg
350,data/energy/images/350.jpg
351,data/energy/images/351.jpg
352,data/energy/images/352.jpg
354,data/energy/images/354.jpg
355,data/energy/images/355.jpg
356,data/energy/images/356.jpg
358,data/energy/images/358.jpg
359,data/energy/images/359.jpg
360,data/energy/images/360.jpg
361,data/energy/images/361.jpg
362,data/energy/images/362.jpg
363,data/energy/images/363.jpg
364,data/energy/images/364.jpg
365,data/energy/images/365.jpg
366,data/energy/images/366.jpg
367,data/energy/images/367.jpg
368,data/energy/images/368.jpg
369,data/energy/images/369.jpg
370,data/energy/images/370.jpg
371,data/energy/images/371.jpg
372,data/energy/images/372.jpg
373,data/energy/images/373.jpg
374,data/energy/images/374.jpg
375,data/energy/images/375.jpg
378,data/energy/images/378.jpg
381,data/energy/images/381.jpg
382,data/energy/images/382.jpg
383,data/energy/images/383.jpg
384,data/energy/images/384.jpg
385,data/energy/images/385.jpg
386,data/energy/images/386.jpg
387,data/energy/images/387.jpg
388,data/energy/images/388.jpg
389,data/energy/images/389.jpg
390,data/energy/images/390.jpg
391,data/energy/images/391.jpg
392,data/energy/images/392.jpg
393,data/energy/images/393.jpg
394,data/energy/images/394.jpg
395,data/energy/images/395.jpg
396,data/energy/images/396.jpg
397,data/energy/images/397.jpg
398,data/energy/images/398.jpg
399,data/energy/images/399.jpg
400,data/energy/images/400.jpg
401,data/energy/images/401.jpg
402,data/energy/images/402.jpg
403,data/energy/images/403.jpg
404,data/energy/images/404.jpg
405,data/energy/images/405.jpg
406,data/energy/images/406.jpg
407,data/energy/images/407.jpg
408,data/energy/images/408.jpg
409,data/energy/images/409.jpg
410,data/energy/images/410.jpg
411,data/energy/images/411.jpg
412,data/energy/images/412.jpg
413,data/energy/images/413.jpg
414,data/energy/images/414.jpg
415,data/energy/images/415.jpg
416,data/energy/images/416.jpg
417,data/energy/images/417.jpg
418,data/energy/images/418.jpg
419,data/energy/images/419.jpg
420,data/energy/images/420.jpg
421,data/energy/images/421.jpg
422,data/energy/images/422.jpg
423,data/energy/images/423.jpg
716,data/energy/images/716.jpg
717,data/energy/images/717.jpg
718,data/energy/images/718.jpg
719,data/energy/images/719.jpg
720,data/energy/images/720.jpg
721,data/energy/images/721.jpg
722,data/energy/images/722.jpg
723,data/energy/images/723.jpg
724,data/energy/images/724.jpg
726,data/energy/images/726.jpg
727,data/energy/images/727.jpg
728,data/energy/images/728.jpg
729,data/energy/images/729.jpg
730,data/energy/images/730.jpg
731,data/energy/images/731.jpg
732,data/energy/images/732.jpg
733,data/energy/images/733.jpg
734,data/energy/images/734.jpg
735,data/energy/images/735.jpg
736,data/energy/images/736.jpg
737,data/energy/images/737.jpg
738,data/energy/images/738.jpg
739,data/energy/images/739.jpg
740,data/energy/images/740.jpg
741,data/energy/images/741.jpg
742,data/energy/images/742.jpg
743,data/energy/images/743.jpg
744,data/energy/images/744.jpg
745,data/energy/images/745.jpg
746,data/energy/images/746.jpg
747,data/energy/images/747.jpg
748,data/energy/images/748.jpg
749,data/energy/images/749.jpg
750,data/energy/images/750.jpg
751,data/energy/images/751.jpg
752,data/energy/images/752.jpg
753,data/energy/images/753.jpg
754,data/energy/images/754.jpg
755,data/energy/images/755.jpg
756,data/energy/images/756.jpg
757,data/energy/images/757.jpg
758,data/energy/images/758.jpg
759,data/energy/images/759.jpg
760,data/energy/images/760.jpg
761,data/energy/images/761.jpg
762,data/energy/images/762.jpg
763,data/energy/images/763.jpg
764,data/energy/images/764.jpg
765,data/energy/images/765.jpg
766,data/energy/images/766.jpg
767,data/energy/images/767.jpg
768,data/energy/images/768.jpg
769,data/energy/images/769.jpg
770,data/energy/images/770.jpg
771,data/energy/images/771.jpg
772,data/energy/images/772.jpg
773,data/energy/images/773.jpg
774,data/energy/images/774.jpg
775,data/energy/images/775.jpg
776,data/energy/images/776.jpg
777,data/energy/images/777.jpg
778,data/energy/images/778.jpg
779,data/energy/images/779.jpg
780,data/energy/images/780.jpg
781,data/energy/images/781.jpg
782,data/energy/images/782.jpg
783,data/energy/images/783.jpg
784,data/energy/images/784.jpg
785,data/energy/images/785.jpg
786,data/energy/images/786.jpg
787,data/energy/images/787.jpg
788,data/energy/images/788.jpg
789,data/energy/images/789.jpg
790,data/energy/images/790.jpg
791,data/energy/images/791.jpg
792,data/energy/images/792.jpg
793,data/energy/images/793.jpg
794,data/energy/images/794.jpg
795,data/energy/images/795.jpg
796,data/energy/images/796.jpg
797,data/energy/images/797.jpg
798,data/energy/images/798.jpg
799,data/energy/images/799.jpg
800,data/energy/images/800.jpg
801,data/energy/images/801.jpg
802,data/energy/images/802.jpg
803,data/energy/images/803.jpg
804,data/energy/images/804.jpg
805,data/energy/images/805.jpg
806,data/energy/images/806.jpg
807,data/energy/images/807.jpg
808,data/energy/images/808.jpg
809,data/energy/images/809.jpg
810,data/energy/images/810.jpg
811,data/energy/images/811.jpg
812,data/energy/images/812.jpg
813,data/energy/images/813.jpg
814,data/energy/images/814.jpg
815,data/energy/images/815.jpg
816,data/energy/images/816.jpg
817,data/energy/images/817.jpg
818,data/energy/images/818.jpg
820,data/energy/images/820.jpg
821,data/energy/images/821.jpg
822,data/energy/images/822.jpg
823,data/energy/images/823.jpg
824,data/energy/images/824.jpg
825,data/energy/images/825.jpg
826,data/energy/images/826.jpg
827,data/energy/images/827.jpg
828,data/energy/images/828.jpg
829,data/energy/images/829.jpg
830,data/energy/images/830.jpg
831,data/energy/images/831.jpg
832,data/energy/images/832.jpg
833,data/energy/images/833.jpg
834,data/energy/images/834.jpg
835,data/energy/images/835.jpg
836,data/energy/images/836.jpg
837,data/energy/images/837.jpg
838,data/energy/images/838.jpg
839,data/energy/images/839.jpg
840,data/energy/images/840.jpg
841,data/energy/images/841.jpg
842,data/energy/images/842.jpg
843,data/energy/images/843.jpg
844,data/energy/images/844.jpg
845,data/energy/images/845.jpg
846,data/energy/images/846.jpg
847,data/energy/images/847.jpg
848,data/energy/images/848.jpg
849,data/energy/images/849.jpg
850,data/energy/images/850.jpg
851,data/energy/images/851.jpg
852,data/energy/images/852.jpg
853,data/energy/images/853.jpg
854,data/energy/images/854.jpg
856,data/energy/images/856.jpg
857,data/energy/images/857.jpg
858,data/energy/images/858.jpg
859,data/energy/images/859.jpg
860,data/energy/images/860.jpg
861,data/energy/images/861.jpg
862,data/energy/images/862.jpg
863,data/energy/images/863.jpg
864,data/energy/images/864.jpg
865,data/energy/images/865.jpg
866,data/energy/images/866.jpg
868,data/energy/images/868.jpg
869,data/energy/images/869.jpg
870,data/energy/images/870.jpg
871,data/energy/images/871.jpg
872,data/energy/images/872.jpg
873,data/energy/images/873.jpg
874,data/energy/images/874.jpg
875,data/energy/images/875.jpg
876,data/energy/images/876.jpg
877,data/energy/images/877.jpg
878,data/energy/images/878.jpg
879,data/energy/images/879.jpg
880,data/energy/images/880.jpg
881,data/energy/images/881.jpg
882,data/energy/images/882.jpg
883,data/energy/images/883.jpg
884,data/energy/images/884.jpg
885,data/energy/images/885.jpg
886,data/energy/images/886.jpg
887,data/energy/images/887.jpg
888,data/energy/images/888.jpg
889,data/energy/images/889.jpg
890,data/energy/images/890.jpg
891,data/energy/images/891.jpg
892,data/energy/images/892.jpg
893,data/energy/images/893.jpg
894,data/energy/images/894.jpg
895,data/energy/images/895.jpg
896,data/energy/images/896.jpg
897,data/energy/images/897.jpg
898,data/energy/images/898.jpg
899,data/energy/images/899.jpg
900,data/energy/images/900.jpg
901,data/energy/images/901.jpg
902,data/energy/images/902.jpg
903,data/energy/images/903.jpg
904,data/energy/images/904.jpg
905,data/energy/images/905.jpg
906,data/energy/images/906.jpg
907,data/energy/images/907.jpg
908,data/energy/images/908.jpg
910,data/energy/images/910.jpg
911,data/energy/images/911.jpg
912,data/energy/images/912.jpg
913,data/energy/images/913.jpg
914,data/energy/images/914.jpg
915,data/energy/images/915.jpg
916,data/energy/images/916.jpg
917,data/energy/images/917.jpg
918,data/energy/images/918.jpg
919,data/energy/images/919.jpg
920,data/energy/images/920.jpg
921,data/energy/images/921.jpg
922,data/energy/images/922.jpg
923,data/energy/images/923.jpg
924,data/energy/images/924.jpg
925,data/energy/images/925.jpg
926,data/energy/images/926.jpg
927,data/energy/images/927.jpg
928,data/energy/images/928.jpg
929,data/energy/images/929.jpg
930,data/energy/images/930.jpg
931,data/energy/images/931.jpg
932,data/energy/images/932.jpg
933,data/energy/images/933.jpg
934,data/energy/images/934.jpg
935,data/energy/images/935.jpg
936,data/energy/images/936.jpg
937,data/energy/images/937.jpg
938,data/energy/images/938.jpg
939,data/energy/images/939.jpg
940,data/energy/images/940.jpg
941,data/energy/images/941.jpg
942,data/energy/images/942.jpg
943,data/energy/images/943.jpg
944,data/energy/images/944.jpg
945,data/energy/images/945.jpg
946,data/energy/images/946.jpg
947,data/energy/images/947.jpg
948,data/energy/images/948.jpg
949,data/energy/images/949.jpg
950,data/energy/images/950.jpg
951,data/energy/images/951.jpg
952,data/energy/images/952.jpg
953,data/energy/images/953.jpg
954,data/energy/images/954.jpg
955,data/energy/images/955.jpg
956,data/energy/images/956.jpg
957,data/energy/images/957.jpg
958,data/energy/images/958.jpg
959,data/energy/images/959.jpg
960,data/energy/images/960.jpg
961,data/energy/images/961.jpg
962,data/energy/images/962.jpg
963,data/energy/images/963.jpg
964,data/energy/images/964.jpg
965,data/energy/images/965.jpg
966,data/energy/images/966.jpg
967,data/energy/images/967.jpg
968,data/energy/images/968.jpg
970,data/energy/images/970.jpg
971,data/energy/images/971.jpg
972,data/energy/images/972.jpg
973,data/energy/images/973.jpg
974,data/energy/images/974.jpg
975,data/energy/images/975.jpg
976,data/energy/images/976.jpg
977,data/energy/images/977.jpg
978,data/energy/images/978.jpg
979,data/energy/images/979.jpg
980,data/energy/images/980.jpg
981,data/energy/images/981.jpg
982,data/energy/images/982.jpg
983,data/energy/images/983.jpg
984,data/energy/images/984.jpg
985,data/energy/images/985.jpg
986,data/energy/images/986.jpg
987,data/energy/images/987.jpg
988,data/energy/images/988.jpg
989,data/energy/images/989.jpg
990,data/energy/images/990.jpg
991,data/energy/images/991.jpg
992,data/energy/images/992.jpg
993,data/energy/images/993.jpg
994,data/energy/images/994.jpg
995,data/energy/images/995.jpg
996,data/energy/images/996.jpg
997,data/energy/images/997.jpg
998,data/energy/images/998.jpg
999,data/energy/images/999.jpg
1000,data/energy/images/1000.jpg
1001,data/energy/images/1001.jpg
1002,data/energy/images/1002.jpg
1003,data/energy/images/1003.jpg
1004,data/energy/images/1004.jpg
1005,data/energy/images/1005.jpg
1006,data/energy/images/1006.jpg
1007,data/energy/images/1007.jpg
1008,data/energy/images/1008.jpg
1009,data/energy/images/1009.jpg
1010,data/energy/images/1010.jpg
1011,data/energy/images/1011.jpg
1012,data/energy/images/1012.jpg
1013,data/energy/images/1013.jpg
1014,data/energy/images/1014.jpg
1015,data/energy/images/1015.jpg
1016,data/energy/images/1016.jpg
1017,data/energy/images/1017.jpg
1018,data/energy/images/1018.jpg
1019,data/energy/images/1019.jpg
1020,data/energy/images/1020.jpg
1021,data/energy/images/1021.jpg
1022,data/energy/images/1022.jpg
1023,data/energy/images/1023.jpg
1024,data/energy/images/1024.jpg
1025,data/energy/images/1025.jpg
1026,data/energy/images/1026.jpg
1027,data/energy/images/1027.jpg
1028,data/energy/images/1028.jpg
1029,data/energy/images/1029.jpg
1030,data/energy/images/1030.jpg
1031,data/energy/images/1031.jpg
1032,data/energy/images/1032.jpg
1033,data/energy/images/1033.jpg
1034,data/energy/images/1034.jpg
1035,data/energy/images/1035.jpg
1036,data/energy/images/1036.jpg
1038,data/energy/images/1038.jpg
1039,data/energy/images/1039.jpg
1040,data/energy/images/1040.jpg
1041,data/energy/images/1041.jpg
1042,data/energy/images/1042.jpg
1043,data/energy/images/1043.jpg
1044,data/energy/images/1044.jpg
1045,data/energy/images/1045.jpg
1046,data/energy/images/1046.jpg
1047,data/energy/images/1047.jpg
1048,data/energy/images/1048.jpg
1049,data/energy/images/1049.jpg
1050,data/energy/images/1050.jpg
1051,data/energy/images/1051.jpg
1052,data/energy/images/1052.jpg
1053,data/energy/images/1053.jpg
1054,data/energy/images/1054.jpg
1055,data/energy/images/1055.jpg
1056,data/energy/images/1056.jpg
1057,data/energy/images/1057.jpg
1058,data/energy/images/1058.jpg
1059,data/energy/images/1059.jpg
1060,data/energy/images/1060.jpg
1061,data/energy/images/1061.jpg
1062,data/energy/images/1062.jpg
1063,data/energy/images/1063.jpg
1064,data/energy/images/1064.jpg
1065,data/energy/images/1065.jpg
1066,data/energy/images/1066.jpg
1067,data/energy/images/1067.jpg
1068,data/energy/images/1068.jpg
1069,data/energy/images/1069.jpg
1070,data/energy/images/1070.jpg
1071,data/energy/images/1071.jpg
1072,data/energy/images/1072.jpg
1073,data/energy/images/1073.jpg
1074,data/energy/images/1074.jpg
1075,data/energy/images/1075.jpg
1076,data/energy/images/1076.jpg
1077,data/energy/images/1077.jpg
1078,data/energy/images/1078.jpg
1080,data/energy/images/1080.jpg
1081,data/energy/images/1081.jpg
1082,data/energy/images/1082.jpg
1083,data/energy/images/1083.jpg
1084,data/energy/images/1084.jpg
1085,data/energy/images/1085.jpg
1086,data/energy/images/1086.jpg
1087,data/energy/images/1087.jpg
1088,data/energy/images/1088.jpg
1089,data/energy/images/1089.jpg
1090,data/energy/images/1090.jpg
1091,data/energy/images/1091.jpg
1092,data/energy/images/1092.jpg
1093,data/energy/images/1093.jpg
1094,data/energy/images/1094.jpg
1095,data/energy/images/1095.jpg
1096,data/energy/images/1096.jpg
1097,data/energy/images/1097.jpg
1098,data/energy/images/1098.jpg
1099,data/energy/images/1099.jpg
1100,data/energy/images/1100.jpg
1101,data/energy/images/1101.jpg
1102,data/energy/images/1102.jpg
1103,data/energy/images/1103.jpg
1104,data/energy/images/1104.jpg
1105,data/energy/images/1105.jpg
1106,data/energy/images/1106.jpg
1107,data/energy/images/1107.jpg
1108,data/energy/images/1108.jpg
1109,data/energy/images/1109.jpg
1110,data/energy/images/1110.jpg
1111,data/energy/images/1111.jpg
1112,data/energy/images/1112.jpg
1113,data/energy/images/1113.jpg
1114,data/energy/images/1114.jpg
1115,data/energy/images/1115.jpg
1116,data/energy/images/1116.jpg
1117,data/energy/images/1117.jpg
1118,data/energy/images/1118.jpg
1119,data/energy/images/1119.jpg
1120,data/energy/images/1120.jpg
1121,data/energy/images/1121.jpg
1122,data/energy/images/1122.jpg
1123,data/energy/images/1123.jpg
1124,data/energy/images/1124.jpg
1125,data/energy/images/1125.jpg
1126,data/energy/images/1126.jpg
1127,data/energy/images/1127.jpg
1128,data/energy/images/1128.jpg
1129,data/energy/images/1129.jpg
1130,data/energy/images/1130.jpg
1131,data/energy/images/1131.jpg
1132,data/energy/images/1132.jpg
1133,data/energy/images/1133.jpg
1134,data/energy/images/1134.jpg
1135,data/energy/images/1135.jpg
1136,data/energy/images/1136.jpg
1137,data/energy/images/1137.jpg
1138,data/energy/images/1138.jpg
1139,data/energy/images/1139.jpg
1140,data/energy/images/1140.jpg
1141,data/energy/images/1141.jpg
1142,data/energy/images/1142.jpg
1143,data/energy/images/1143.jpg
1144,data/energy/images/1144.jpg
1145,data/energy/images/1145.jpg
1146,data/energy/images/1146.jpg
1147,data/energy/images/1147.jpg
1148,data/energy/images/1148.jpg
1149,data/energy/images/1149.jpg
1150,data/energy/images/1150.jpg
1151,data/energy/images/1151.jpg
1152,data/energy/images/1152.jpg
1153,data/energy/images/1153.jpg
1154,data/energy/images/1154.jpg
1156,data/energy/images/1156.jpg
1157,data/energy/images/1157.jpg
1158,data/energy/images/1158.jpg
1159,data/energy/images/1159.jpg
1160,data/energy/images/1160.jpg
1161,data/energy/images/1161.jpg
1162,data/energy/images/1162.jpg
1163,data/energy/images/1163.jpg
1164,data/energy/images/1164.jpg
1165,data/energy/images/1165.jpg
1166,data/energy/images/1166.jpg
1167,data/energy/images/1167.jpg
1168,data/energy/images/1168.jpg
1169,data/energy/images/1169.jpg
1170,data/energy/images/1170.jpg
1171,data/energy/images/1171.jpg
1172,data/energy/images/1172.jpg
1173,data/energy/images/1173.jpg
1174,data/energy/images/1174.jpg
1175,data/energy/images/1175.jpg
1176,data/energy/images/1176.jpg
1177,data/energy/images/1177.jpg
1178,data/energy/images/1178.jpg
1179,data/energy/images/1179.jpg
1180,data/energy/images/1180.jpg
1181,data/energy/images/1181.jpg
1182,data/energy/images/1182.jpg
1183,data/energy/images/1183.jpg
1184,data/energy/images/1184.jpg
1185,data/energy/images/1185.jpg
1186,data/energy/images/1186.jpg
1187,data/energy/images/1187.jpg
1188,data/energy/images/1188.jpg
1189,data/energy/images/1189.jpg
1190,data/energy/images/1190.jpg
1191,data/energy/images/1191.jpg
1192,data/energy/images/1192.jpg
1194,data/energy/images/1194.jpg
1195,data/energy/images/1195.jpg
1196,data/energy/images/1196.jpg
1197,data/energy/images/1197.jpg
1198,data/energy/images/1198.jpg
1199,data/energy/images/1199.jpg
1200,data/energy/images/1200.jpg
1201,data/energy/images/1201.jpg
1202,data/energy/images/1202.jpg
1203,data/energy/images/1203.jpg
1204,data/energy/images/1204.jpg
1205,data/energy/images/1205.jpg
1206,data/energy/images/1206.jpg
1207,data/energy/images/1207.jpg
1208,data/energy/images/1208.jpg
1209,data/energy/images/1209.jpg
1210,data/energy/images/1210.jpg
1211,data/energy/images/1211.jpg
1212,data/energy/images/1212.jpg
1213,data/energy/images/1213.jpg
1214,data/energy/images/1214.jpg
1215,data/energy/images/1215.jpg
1216,data/energy/images/1216.jpg
1217,data/energy/images/1217.jpg
1218,data/energy/images/1218.jpg
1219,data/energy/images/1219.jpg
1220,data/energy/images/1220.jpg
1221,data/energy/images/1221.jpg
1222,data/energy/images/1222.jpg
1223,data/energy/images/1223.jpg
1224,data/energy/images/1224.jpg
1225,data/energy/images/1225.jpg
1226,data/energy/images/1226.jpg
1227,data/energy/images/1227.jpg
1228,data/energy/images/1228.jpg
1229,data/energy/images/1229.jpg
1230,data/energy/images/1230.jpg
1231,data/energy/images/1231.jpg
1232,data/energy/images/1232.jpg
1233,data/energy/images/1233.jpg
1234,data/energy/images/1234.jpg
1235,data/energy/images/1235.jpg
1236,data/energy/images/1236.jpg
1237,data/energy/images/1237.jpg
1238,data/energy/images/1238.jpg
1239,data/energy/images/1239.jpg
1240,data/energy/images/1240.jpg
1241,data/energy/images/1241.jpg
1242,data/energy/images/1242.jpg
1243,data/energy/images/1243.jpg
1244,data/energy/images/1244.jpg
1245,data/energy/images/1245.jpg
1246,data/energy/images/1246.jpg
1247,data/energy/images/1247.jpg
1248,data/energy/images/1248.jpg
1249,data/energy/images/1249.jpg
1250,data/energy/images/1250.jpg
1251,data/energy/images/1251.jpg
1253,data/energy/images/1253.jpg
1254,data/energy/images/1254.jpg
1255,data/energy/images/1255.jpg
1256,data/energy/images/1256.jpg
1257,data/energy/images/1257.jpg
1258,data/energy/images/1258.jpg
1259,data/energy/images/1259.jpg
1260,data/energy/images/1260.jpg
1261,data/energy/images/1261.jpg
1262,data/energy/images/1262.jpg
1263,data/energy/images/1263.jpg
1264,data/energy/images/1264.jpg
1265,data/energy/images/1265.jpg
1266,data/energy/images/1266.jpg
1267,data/energy/images/1267.jpg
1268,data/energy/images/1268.jpg
1269,data/energy/images/1269.jpg
1270,data/energy/images/1270.jpg
1271,data/energy/images/1271.jpg
1272,data/energy/images/1272.jpg
1273,data/energy/images/1273.jpg
1274,data/energy/images/1274.jpg
1275,data/energy/images/1275.jpg
1276,data/energy/images/1276.jpg
1277,data/energy/images/1277.jpg
1279,data/energy/images/1279.jpg
1280,data/energy/images/1280.jpg
1281,data/energy/images/1281.jpg
1282,data/energy/images/1282.jpg
1283,data/energy/images/1283.jpg
1284,data/energy/images/1284.jpg
1285,data/energy/images/1285.jpg
1286,data/energy/images/1286.jpg
1287,data/energy/images/1287.jpg
1288,data/energy/images/1288.jpg
1289,data/energy/images/1289.jpg
1290,data/energy/images/1290.jpg
1291,data/energy/images/1291.jpg
1292,data/energy/images/1292.jpg
1293,data/energy/images/1293.jpg
1294,data/energy/images/1294.jpg
1295,data/energy/images/1295.jpg
1296,data/energy/images/1296.jpg
1297,data/energy/images/1297.jpg
1298,data/energy/images/1298.jpg
1299,data/energy/images/1299.jpg
1300,data/energy/images/1300.jpg
1301,data/energy/images/1301.jpg
1302,data/energy/images/1302.jpg
1303,data/energy/images/1303.jpg
1304,data/energy/images/1304.jpg
1305,data/energy/images/1305.jpg
1306,data/energy/images/1306.jpg
1307,data/energy/images/1307.jpg
1308,data/energy/images/1308.jpg
1309,data/energy/images/1309.jpg
1310,data/energy/images/1310.jpg
1311,data/energy/images/1311.jpg
1312,data/energy/images/1312.jpg
1313,data/energy/images/1313.jpg
1315,data/energy/images/1315.jpg
1317,data/energy/images/1317.jpg
1318,data/energy/images/1318.jpg
1319,data/energy/images/1319.jpg
1320,data/energy/images/1320.jpg
1321,data/energy/images/1321.jpg
1322,data/energy/images/1322.jpg
1323,data/energy/images/1323.jpg
1324,data/energy/images/1324.jpg
1325,data/energy/images/1325.jpg
1326,data/energy/images/1326.jpg
1327,data/energy/images/1327.jpg
1328,data/energy/images/1328.jpg
1329,data/energy/images/1329.jpg
1330,data/energy/images/1330.jpg
1331,data/energy/images/1331.jpg
1332,data/energy/images/1332.jpg
1333,data/energy/images/1333.jpg
1334,data/energy/images/1334.jpg
1335,data/energy/images/1335.jpg
1336,data/energy/images/1336.jpg
1337,data/energy/images/1337.jpg
1338,data/energy/images/1338.jpg
1339,data/energy/images/1339.jpg
1340,data/energy/images/1340.jpg
1341,data/energy/images/1341.jpg
1342,data/energy/images/1342.jpg
1343,data/energy/images/1343.jpg
1345,data/energy/images/1345.jpg
1347,data/energy/images/1347.jpg
1348,data/energy/images/1348.jpg
1349,data/energy/images/1349.jpg
1350,data/energy/images/1350.jpg
1351,data/energy/images/1351.jpg
1352,data/energy/images/1352.jpg
1353,data/energy/images/1353.jpg
1354,data/energy/images/1354.jpg
1355,data/energy/images/1355.jpg
1356,data/energy/images/1356.jpg
1357,data/energy/images/1357.jpg
1358,data/energy/images/1358.jpg
1359,data/energy/images/1359.jpg
1360,data/energy/images/1360.jpg
1361,data/energy/images/1361.jpg
1362,data/energy/images/1362.jpg
1363,data/energy/images/1363.jpg
1364,data/energy/images/1364.jpg
1365,data/energy/images/1365.jpg
1366,data/energy/images/1366.jpg
1367,data/energy/images/1367.jpg
1368,data/energy/images/1368.jpg
1369,data/energy/images/1369.jpg
1370,data/energy/images/1370.jpg
1371,data/energy/images/1371.jpg
1372,data/energy/images/1372.jpg
1373,data/energy/images/1373.jpg
1374,data/energy/images/1374.jpg
1375,data/energy/images/1375.jpg
1376,data/energy/images/1376.jpg
1377,data/energy/images/1377.jpg
1378,data/energy/images/1378.jpg
1379,data/energy/images/1379.jpg
1380,data/energy/images/1380.jpg
1381,data/energy/images/1381.jpg
1382,data/energy/images/1382.jpg
1383,data/energy/images/1383.jpg
1384,data/energy/images/1384.jpg
1385,data/energy/images/1385.jpg
1386,data/energy/images/1386.jpg
1387,data/energy/images/1387.jpg
1388,data/energy/images/1388.jpg
1389,data/energy/images/1389.jpg
1390,data/energy/images/1390.jpg
1391,data/energy/images/1391.jpg
1392,data/energy/images/1392.jpg
1393,data/energy/images/1393.jpg
1394,data/energy/images/1394.jpg
1395,data/energy/images/1395.jpg
1396,data/energy/images/1396.jpg
1397,data/energy/images/1397.jpg
1398,data/energy/images/1398.jpg
1399,data/energy/images/1399.jpg
1400,data/energy/images/1400.jpg
1401,data/energy/images/1401.jpg
1402,data/energy/images/1402.jpg
1403,data/energy/images/1403.jpg
1404,data/energy/images/1404.jpg
1405,data/energy/images/1405.jpg
1406,data/energy/images/1406.jpg
1407,data/energy/images/1407.jpg
1408,data/energy/images/1408.jpg
1409,data/energy/images/1409.jpg
1410,data/energy/images/1410.jpg
1411,data/energy/images/1411.jpg
1412,data/energy/images/1412.jpg
1413,data/energy/images/1413.jpg
1414,data/energy/images/1414.jpg
1415,data/energy/images/1415.jpg
1416,data/energy/images/1416.jpg
1417,data/energy/images/1417.jpg
1418,data/energy/images/1418.jpg
1419,data/energy/images/1419.jpg
1420,data/energy/images/1420.jpg
1421,data/energy/images/1421.jpg
1422,data/energy/images/1422.jpg
1423,data/energy/images/1423.jpg
1424,data/energy/images/1424.jpg
1425,data/energy/images/1425.jpg
1426,data/energy/images/1426.jpg
1427,data/energy/images/1427.jpg
1428,data/energy/images/1428.jpg
1429,data/energy/images/1429.jpg
1430,data/energy/images/1430.jpg
1431,data/energy/images/1431.jpg
1432,data/energy/images/1432.jpg
1433,data/energy/images/1433.jpg
1434,data/energy/images/1434.jpg
1435,data/energy/images/1435.jpg
1437,data/energy/images/1437.jpg
1438,data/energy/images/1438.jpg
1439,data/energy/images/1439.jpg
1440,data/energy/images/1440.jpg
1441,data/energy/images/1441.jpg
1442,data/energy/images/1442.jpg
1443,data/energy/images/1443.jpg
1444,data/energy/images/1444.jpg
1445,data/energy/images/1445.jpg
1446,data/energy/images/1446.jpg
1447,data/energy/images/1447.jpg
1448,data/energy/images/1448.jpg
1449,data/energy/images/1449.jpg
1450,data/energy/images/1450.jpg
1451,data/energy/images/1451.jpg
1452,data/energy/images/1452.jpg
1453,data/energy/images/1453.jpg
1454,data/energy/images/1454.jpg
1455,data/energy/images/1455.jpg
1456,data/energy/images/1456.jpg
1457,data/energy/images/1457.jpg
1458,data/energy/images/1458.jpg
1459,data/energy/images/1459.jpg
1460,data/energy/images/1460.jpg
1461,data/energy/images/1461.jpg
1462,data/energy/images/1462.jpg
1463,data/energy/images/1463.jpg
1464,data/energy/images/1464.jpg
1465,data/energy/images/1465.jpg
1466,data/energy/images/1466.jpg
1467,data/energy/images/1467.jpg
1468,data/energy/images/1468.jpg
1469,data/energy/images/1469.jpg
1470,data/energy/images/1470.jpg
1471,data/energy/images/1471.jpg
1472,data/energy/images/1472.jpg
1473,data/energy/images/1473.jpg
1474,data/energy/images/1474.jpg
1475,data/energy/images/1475.jpg
1476,data/energy/images/1476.jpg
1477,data/energy/images/1477.jpg
1478,data/energy/images/1478.jpg
1479,data/energy/images/1479.jpg
1480,data/energy/images/1480.jpg
1481,data/energy/images/1481.jpg
1482,data/energy/images/1482.jpg
1483,data/energy/images/1483.jpg
1484,data/energy/images/1484.jpg
1485,data/energy/images/1485.jpg
1486,data/energy/images/1486.jpg
1487,data/energy/images/1487.jpg
1488,data/energy/images/1488.jpg
1489,data/energy/images/1489.jpg
1490,data/energy/images/1490.jpg
1491,data/energy/images/1491.jpg
1492,data/energy/images/1492.jpg
1493,data/energy/images/1493.jpg
1494,data/energy/images/1494.jpg
1495,data/energy/images/1495.jpg
1496,data/energy/images/1496.jpg
1497,data/energy/images/1497.jpg
1498,data/energy/images/1498.jpg
1499,data/energy/images/1499.jpg
1500,data/energy/images/1500.jpg
1501,data/energy/images/1501.jpg
1502,data/energy/images/1502.jpg
1503,data/energy/images/1503.jpg
1504,data/energy/images/1504.jpg
1505,data/energy/images/1505.jpg
1506,data/energy/images/1506.jpg
1507,data/energy/images/1507.jpg
1508,data/energy/images/1508.jpg
1509,data/energy/images/1509.jpg
1510,data/energy/images/1510.jpg
1511,data/energy/images/1511.jpg
1512,data/energy/images/1512.jpg
1513,data/energy/images/1513.jpg
1515,data/energy/images/1515.jpg
1516,data/energy/images/1516.jpg
1517,data/energy/images/1517.jpg
1518,data/energy/images/1518.jpg
1519,data/energy/images/1519.jpg
1520,data/energy/images/1520.jpg
1521,data/energy/images/1521.jpg
1522,data/energy/images/1522.jpg
1523,data/energy/images/1523.jpg
1524,data/energy/images/1524.jpg
1525,data/energy/images/1525.jpg
1526,data/energy/images/1526.jpg
1527,data/energy/images/1527.jpg
1528,data/energy/images/1528.jpg
1529,data/energy/images/1529.jpg
1530,data/energy/images/1530.jpg
1531,data/energy/images/1531.jpg
1532,data/energy/images/1532.jpg
1533,data/energy/images/1533.jpg
1534,data/energy/images/1534.jpg
1535,data/energy/images/1535.jpg
1536,data/energy/images/1536.jpg
1537,data/energy/images/1537.jpg
1538,data/energy/images/1538.jpg
1539,data/energy/images/1539.jpg
1540,data/energy/images/1540.jpg
1541,data/energy/images/1541.jpg
1542,data/energy/images/1542.jpg
1543,data/energy/images/1543.jpg
1544,data/energy/images/1544.jpg
1545,data/energy/images/1545.jpg
1546,data/energy/images/1546.jpg
1547,data/energy/images/1547.jpg
1548,data/energy/images/1548.jpg
1549,data/energy/images/1549.jpg
1550,data/energy/images/1550.jpg
1551,data/energy/images/1551.jpg
1552,data/energy/images/1552.jpg
1553,data/energy/images/1553.jpg
1554,data/energy/images/1554.jpg
1555,data/energy/images/1555.jpg
1556,data/energy/images/1556.jpg
1557,data/energy/images/1557.jpg
1558,data/energy/images/1558.jpg
1559,data/energy/images/1559.jpg
1560,data/energy/images/1560.jpg
1561,data/energy/images/1561.jpg
1562,data/energy/images/1562.jpg
1563,data/energy/images/1563.jpg
1564,data/energy/images/1564.jpg
1565,data/energy/images/1565.jpg
1566,data/energy/images/1566.jpg
1567,data/energy/images/1567.jpg
1568,data/energy/images/1568.jpg
1569,data/energy/images/1569.jpg
1570,data/energy/images/1570.jpg
1571,data/energy/images/1571.jpg
1572,data/energy/images/1572.jpg
1573,data/energy/images/1573.jpg
1574,data/energy/images/1574.jpg
1575,data/energy/images/1575.jpg
1576,data/energy/images/1576.jpg
1577,data/energy/images/1577.jpg
1578,data/energy/images/1578.jpg
1579,data/energy/images/1579.jpg
1580,data/energy/images/1580.jpg
1581,data/energy/images/1581.jpg
1582,data/energy/images/1582.jpg
1583,data/energy/images/1583.jpg
1584,data/energy/images/1584.jpg
1585,data/energy/images/1585.jpg
1586,data/energy/images/1586.jpg
1587,data/energy/images/1587.jpg
1588,data/energy/images/1588.jpg
1589,data/energy/images/1589.jpg
1590,data/energy/images/1590.jpg
1591,data/energy/images/1591.jpg
1592,data/energy/images/1592.jpg
1593,data/energy/images/1593.jpg
1594,data/energy/images/1594.jpg
1595,data/energy/images/1595.jpg
1596,data/energy/images/1596.jpg
1597,data/energy/images/1597.jpg
1598,data/energy/images/1598.jpg
1599,data/energy/images/1599.jpg
1600,data/energy/images/1600.jpg
1601,data/energy/images/1601.jpg
1602,data/energy/images/1602.jpg
1603,data/energy/images/1603.jpg
1604,data/energy/images/1604.jpg
1605,data/energy/images/1605.jpg
1606,data/energy/images/1606.jpg
1607,data/energy/images/1607.jpg
1608,data/energy/images/1608.jpg
1609,data/energy/images/1609.jpg
1610,data/energy/images/1610.jpg
1611,data/energy/images/1611.jpg
1612,data/energy/images/1612.jpg
1613,data/energy/images/1613.jpg
1614,data/energy/images/1614.jpg
1615,data/energy/images/1615.jpg
1616,data/energy/images/1616.jpg
1617,data/energy/images/1617.jpg
1618,data/energy/images/1618.jpg
1619,data/energy/images/1619.jpg
1620,data/energy/images/1620.jpg
1621,data/energy/images/1621.jpg
1622,data/energy/images/1622.jpg
1623,data/energy/images/1623.jpg
1624,data/energy/images/1624.jpg
1625,data/energy/images/1625.jpg
1626,data/energy/images/1626.jpg
1627,data/energy/images/1627.jpg
1628,data/energy/images/1628.jpg
1629,data/energy/images/1629.jpg
1630,data/energy/images/1630.jpg
1631,data/energy/images/1631.jpg
1632,data/energy/images/1632.jpg
1633,data/energy/images/1633.jpg
1634,data/energy/images/1634.jpg
1635,data/energy/images/1635.jpg
1636,data/energy/images/1636.jpg
1637,data/energy/images/1637.jpg
1638,data/energy/images/1638.jpg
1639,data/energy/images/1639.jpg
1640,data/energy/images/1640.jpg
1641,data/energy/images/1641.jpg
1642,data/energy/images/1642.jpg
1643,data/energy/images/1643.jpg
1644,data/energy/images/1644.jpg
1645,data/energy/images/1645.jpg
1646,data/energy/images/1646.jpg
1647,data/energy/images/1647.jpg
1648,data/energy/images/1648.jpg
1649,data/energy/images/1649.jpg
1650,data/energy/images/1650.jpg
1651,data/energy/images/1651.jpg
1652,data/energy/images/1652.jpg
1653,data/energy/images/1653.jpg
1654,data/energy/images/1654.jpg
1655,data/energy/images/1655.jpg
1656,data/energy/images/1656.jpg
1657,data/energy/images/1657.jpg
1658,data/energy/images/1658.jpg
1659,data/energy/images/1659.jpg
1660,data/energy/images/1660.jpg
1661,data/energy/images/1661.jpg
1662,data/energy/images/1662.jpg
1663,data/energy/images/1663.jpg
1664,data/energy/images/1664.jpg
1665,data/energy/images/1665.jpg
1666,data/energy/images/1666.jpg
1667,data/energy/images/1667.jpg
1668,data/energy/images/1668.jpg
1669,data/energy/images/1669.jpg
1670,data/energy/images/1670.jpg
1671,data/energy/images/1671.jpg
1672,data/energy/images/1672.jpg
1673,data/energy/images/1673.jpg
1674,data/energy/images/1674.jpg
1675,data/energy/images/1675.jpg
1676,data/energy/images/1676.jpg
1677,data/energy/images/1677.jpg
1678,data/energy/images/1678.jpg
1679,data/energy/images/1679.jpg
1680,data/energy/images/1680.jpg
1681,data/energy/images/1681.jpg
1682,data/energy/images/1682.jpg
1683,data/energy/images/1683.jpg
1684,data/energy/images/1684.jpg
1685,data/energy/images/1685.jpg
1686,data/energy/images/1686.jpg
1687,data/energy/images/1687.jpg
1688,data/energy/images/1688.jpg
1689,data/energy/images/1689.jpg
1690,data/energy/images/1690.jpg
1691,data/energy/images/1691.jpg
1692,data/energy/images/1692.jpg
1693,data/energy/images/1693.jpg
1694,data/energy/images/1694.jpg
1695,data/energy/images/1695.jpg
1696,data/energy/images/1696.jpg
1697,data/energy/images/1697.jpg
1698,data/energy/images/1698.jpg
1699,data/energy/images/1699.jpg
1700,data/energy/images/1700.jpg
1701,data/energy/images/1701.jpg
1702,data/energy/images/1702.jpg
1703,data/energy/images/1703.jpg
1704,data/energy/images/1704.jpg
1705,data/energy/images/1705.jpg
1706,data/energy/images/1706.jpg
1707,data/energy/images/1707.jpg
1708,data/energy/images/1708.jpg
1709,data/energy/images/1709.jpg
1710,data/energy/images/1710.jpg
1711,data/energy/images/1711.jpg
1712,data/energy/images/1712.jpg
1713,data/energy/images/1713.jpg
1714,data/energy/images/1714.jpg
1715,data/energy/images/1715.jpg
1716,data/energy/images/1716.jpg
1717,data/energy/images/1717.jpg
1718,data/energy/images/1718.jpg
1719,data/energy/images/1719.jpg
1720,data/energy/images/1720.jpg
1721,data/energy/images/1721.jpg
1722,data/energy/images/1722.jpg
1723,data/energy/images/1723.jpg
1724,data/energy/images/1724.jpg
1725,data/energy/images/1725.jpg
1726,data/energy/images/1726.jpg
1727,data/energy/images/1727.jpg
1728,data/energy/images/1728.jpg
1729,data/energy/images/1729.jpg
1730,data/energy/images/1730.jpg
1731,data/energy/images/1731.jpg
1732,data/energy/images/1732.jpg
1733,data/energy/images/1733.jpg
1735,data/energy/images/1735.jpg
1737,data/energy/images/1737.jpg
1738,data/energy/images/1738.jpg
1739,data/energy/images/1739.jpg
1740,data/energy/images/1740.jpg
1741,data/energy/images/1741.jpg
1742,data/energy/images/1742.jpg
1743,data/energy/images/1743.jpg
1744,data/energy/images/1744.jpg
1745,data/energy/images/1745.jpg
1746,data/energy/images/1746.jpg
1747,data/energy/images/1747.jpg
1748,data/energy/images/1748.jpg
1749,data/energy/images/1749.jpg
1750,data/energy/images/1750.jpg
1751,data/energy/images/1751.jpg
1752,data/energy/images/1752.jpg
1753,data/energy/images/1753.jpg
1754,data/energy/images/1754.jpg
1755,data/energy/images/1755.jpg
1756,data/energy/images/1756.jpg
1757,data/energy/images/1757.jpg
1758,data/energy/images/1758.jpg
1759,data/energy/images/1759.jpg
1760,data/energy/images/1760.jpg
1761,data/energy/images/1761.jpg
1762,data/energy/images/1762.jpg
1763,data/energy/images/1763.jpg
1764,data/energy/images/1764.jpg
1765,data/energy/images/1765.jpg
1766,data/energy/images/1766.jpg
1767,data/energy/images/1767.jpg
1768,data/energy/images/1768.jpg
1769,data/energy/images/1769.jpg
1770,data/energy/images/1770.jpg
1771,data/energy/images/1771.jpg
1772,data/energy/images/1772.jpg
1773,data/energy/images/1773.jpg
1774,data/energy/images/1774.jpg
1775,data/energy/images/1775.jpg
1776,data/energy/images/1776.jpg
1777,data/energy/images/1777.jpg
1778,data/energy/images/1778.jpg
1779,data/energy/images/1779.jpg
1780,data/energy/images/1780.jpg
1781,data/energy/images/1781.jpg
1782,data/energy/images/1782.jpg
1783,data/energy/images/1783.jpg
1784,data/energy/images/1784.jpg
1785,data/energy/images/1785.jpg
1786,data/energy/images/1786.jpg
1938,data/energy/images/1938.jpg
1939,data/energy/images/1939.jpg
1940,data/energy/images/1940.jpg
1941,data/energy/images/1941.jpg
1942,data/energy/images/1942.jpg
1943,data/energy/images/1943.jpg
1944,data/energy/images/1944.jpg
1945,data/energy/images/1945.jpg
1946,data/energy/images/1946.jpg
1947,data/energy/images/1947.jpg
1948,data/energy/images/1948.jpg
1949,data/energy/images/1949.jpg
1950,data/energy/images/1950.jpg
1951,data/energy/images/1951.jpg
1952,data/energy/images/1952.jpg
1953,data/energy/images/1953.jpg
1954,data/energy/images/1954.jpg
1955,data/energy/images/1955.jpg
1956,data/energy/images/1956.jpg
1957,data/energy/images/1957.jpg
1958,data/energy/images/1958.jpg
1959,data/energy/images/1959.jpg
1960,data/energy/images/1960.jpg
1961,data/energy/images/1961.jpg
1962,data/energy/images/1962.jpg
1963,data/energy/images/1963.jpg
1964,data/energy/images/1964.jpg
1965,data/energy/images/1965.jpg
1966,data/energy/images/1966.jpg
1967,data/energy/images/1967.jpg
1968,data/energy/images/1968.jpg
1969,data/energy/images/1969.jpg
1970,data/energy/images/1970.jpg
1971,data/energy/images/1971.jpg
1972,data/energy/images/1972.jpg
1973,data/energy/images/1973.jpg
1974,data/energy/images/1974.jpg
1975,data/energy/images/1975.jpg
1976,data/energy/images/1976.jpg
1977,data/energy/images/1977.jpg
1978,data/energy/images/1978.jpg
1979,data/energy/images/1979.jpg
1980,data/energy/images/1980.jpg
1981,data/energy/images/1981.jpg
1982,data/energy/images/1982.jpg
1983,data/energy/images/1983.jpg
1984,data/energy/images/1984.jpg
1985,data/energy/images/1985.jpg
1986,data/energy/images/1986.jpg
1987,data/energy/images/1987.jpg
1988,data/energy/images/1988.jpg
1989,data/energy/images/1989.jpg
1990,data/energy/images/1990.jpg
1991,data/energy/images/1991.jpg
1992,data/energy/images/1992.jpg
1993,data/energy/images/1993.jpg
1994,data/energy/images/1994.jpg
1995,data/energy/images/1995.jpg
1996,data/energy/images/1996.jpg
1997,data/energy/images/1997.jpg
1998,data/energy/images/1998.jpg
1999,data/energy/images/1999.jpg
2000,data/energy/images/2000.jpg
2001,data/energy/images/2001.jpg
2002,data/energy/images/2002.jpg
2003,data/energy/images/2003.jpg
2004,data/energy/images/2004.jpg
2005,data/energy/images/2005.jpg
2006,data/energy/images/2006.jpg
2007,data/energy/images/2007.jpg
2008,data/energy/images/2008.jpg
2009,data/energy/images/2009.jpg
2010,data/energy/images/2010.jpg
2011,data/energy/images/2011.jpg
2012,data/energy/images/2012.jpg
2013,data/energy/images/2013.jpg
2014,data/energy/images/2014.jpg
2015,data/energy/images/2015.jpg
2016,data/energy/images/2016.jpg
2017,data/energy/images/2017.jpg
2018,data/energy/images/2018.jpg
2019,data/energy/images/2019.jpg
2020,data/energy/images/2020.jpg
2021,data/energy/images/2021.jpg
2022,data/energy/images/2022.jpg
2023,data/energy/images/2023.jpg
2024,data/energy/images/2024.jpg
2025,data/energy/images/2025.jpg
2026,data/energy/images/2026.jpg
2027,data/energy/images/2027.jpg
2028,data/energy/images/2028.jpg
2029,data/energy/images/2029.jpg
2030,data/energy/images/2030.jpg
2031,data/energy/images/2031.jpg
2032,data/energy/images/2032.jpg
2033,data/energy/images/2033.jpg
2034,data/energy/images/2034.jpg
2035,data/energy/images/2035.jpg
2036,data/energy/images/2036.jpg
2037,data/energy/images/2037.jpg
2038,data/energy/images/2038.jpg
2039,data/energy/images/2039.jpg
2040,data/energy/images/2040.jpg
2041,data/energy/images/2041.jpg
2042,data/energy/images/2042.jpg
2043,data/energy/images/2043.jpg
2044,data/energy/images/2044.jpg
2045,data/energy/images/2045.jpg
2046,data/energy/images/2046.jpg
2047,data/energy/images/2047.jpg
2048,data/energy/images/2048.jpg
2049,data/energy/images/2049.jpg
2050,data/energy/images/2050.jpg
2051,data/energy/images/2051.jpg
2052,data/energy/images/2052.jpg
2053,data/energy/images/2053.jpg
2054,data/energy/images/2054.jpg
2055,data/energy/images/2055.jpg
2056,data/energy/images/2056.jpg
2057,data/energy/images/2057.jpg
2058,data/energy/images/2058.jpg
2059,data/energy/images/2059.jpg
2060,data/energy/images/2060.jpg
2061,data/energy/images/2061.jpg
2062,data/energy/images/2062.jpg
2063,data/energy/images/2063.jpg
2064,data/energy/images/2064.jpg
2065,data/energy/images/2065.jpg
2066,data/energy/images/2066.jpg
2067,data/energy/images/2067.jpg
2068,data/energy/images/2068.jpg
2069,data/energy/images/2069.jpg
2070,data/energy/images/2070.jpg
2071,data/energy/images/2071.jpg
2072,data/energy/images/2072.jpg
2073,data/energy/images/2073.jpg
2074,data/energy/images/2074.jpg
2075,data/energy/images/2075.jpg
2076,data/energy/images/2076.jpg
2077,data/energy/images/2077.jpg
2078,data/energy/images/2078.jpg
2079,data/energy/images/2079.jpg
2080,data/energy/images/2080.jpg
2081,data/energy/images/2081.jpg
2082,data/energy/images/2082.jpg
2083,data/energy/images/2083.jpg
2084,data/energy/images/2084.jpg
2085,data/energy/images/2085.jpg
2086,data/energy/images/2086.jpg
2087,data/energy/images/2087.jpg
2088,data/energy/images/2088.jpg
2089,data/energy/images/2089.jpg
2090,data/energy/images/2090.jpg
2091,data/energy/images/2091.jpg
2092,data/energy/images/2092.jpg
2093,data/energy/images/2093.jpg
2094,data/energy/images/2094.jpg
2095,data/energy/images/2095.jpg
2096,data/energy/images/2096.jpg
2097,data/energy/images/2097.jpg
2098,data/energy/images/2098.jpg
2099,data/energy/images/2099.jpg
2100,data/energy/images/2100.jpg
2101,data/energy/images/2101.jpg
2102,data/energy/images/2102.jpg
2103,data/energy/images/2103.jpg
2104,data/energy/images/2104.jpg
2105,data/energy/images/2105.jpg
2106,data/energy/images/2106.jpg
2107,data/energy/images/2107.jpg
2108,data/energy/images/2108.jpg
2109,data/energy/images/2109.jpg
2110,data/energy/images/2110.jpg
2111,data/energy/images/2111.jpg
2112,data/energy/images/2112.jpg
2113,data/energy/images/2113.jpg
2114,data/energy/images/2114.jpg
2115,data/energy/images/2115.jpg
2116,data/energy/images/2116.jpg
2117,data/energy/images/2117.jpg
2118,data/energy/images/2118.jpg
2119,data/energy/images/2119.jpg
2120,data/energy/images/2120.jpg
2121,data/energy/images/2121.jpg
2122,data/energy/images/2122.jpg
2123,data/energy/images/2123.jpg
2124,data/energy/images/2124.jpg
2125,data/energy/images/2125.jpg
2126,data/energy/images/2126.jpg
2127,data/energy/images/2127.jpg
2128,data/energy/images/2128.jpg
2129,data/energy/images/2129.jpg
2130,data/energy/images/2130.jpg
2131,data/energy/images/2131.jpg
2132,data/energy/images/2132.jpg
2133,data/energy/images/2133.jpg
2134,data/energy/images/2134.jpg
2135,data/energy/images/2135.jpg
2136,data/energy/images/2136.jpg
2137,data/energy/images/2137.jpg
2138,data/energy/images/2138.jpg
2139,data/energy/images/2139.jpg
2140,data/energy/images/2140.jpg
2141,data/energy/images/2141.jpg
2142,data/energy/images/2142.jpg
2143,data/energy/images/2143.jpg
2144,data/energy/images/2144.jpg
2145,data/energy/images/2145.jpg
2146,data/energy/images/2146.jpg
2147,data/energy/images/2147.jpg
2148,data/energy/images/2148.jpg
2149,data/energy/images/2149.jpg
2150,data/energy/images/2150.jpg
2151,data/energy/images/2151.jpg
2152,data/energy/images/2152.jpg
2153,data/energy/images/2153.jpg
2154,data/energy/images/2154.jpg
2155,data/energy/images/2155.jpg
2156,data/energy/images/2156.jpg
2157,data/energy/images/2157.jpg
2158,data/energy/images/2158.jpg
2159,data/energy/images/2159.jpg
2160,data/energy/images/2160.jpg
2161,data/energy/images/2161.jpg
2162,data/energy/images/2162.jpg
2163,data/energy/images/2163.jpg
2164,data/energy/images/2164.jpg
2165,data/energy/images/2165.jpg
2166,data/energy/images/2166.jpg
2167,data/energy/images/2167.jpg
2168,data/energy/images/2168.jpg
2169,data/energy/images/2169.jpg
2170,data/energy/images/2170.jpg
2171,data/energy/images/2171.jpg
2172,data/energy/images/2172.jpg
2173,data/energy/images/2173.jpg
2174,data/energy/images/2174.jpg
2175,data/energy/images/2175.jpg
2176,data/energy/images/2176.jpg
2177,data/energy/images/2177.jpg
2178,data/energy/images/2178.jpg
2179,data/energy/images/2179.jpg
2180,data/energy/images/2180.jpg
2181,data/energy/images/2181.jpg
2182,data/energy/images/2182.jpg
2183,data/energy/images/2183.jpg
2184,data/energy/images/2184.jpg
2185,data/energy/images/2185.jpg
2186,data/energy/images/2186.jpg
2187,data/energy/images/2187.jpg
2188,data/energy/images/2188.jpg
2189,data/energy/images/2189.jpg
2190,data/energy/images/2190.jpg
2191,data/energy/images/2191.jpg
2192,data/energy/images/2192.jpg
2193,data/energy/images/2193.jpg
2194,data/energy/images/2194.jpg
2195,data/energy/images/2195.jpg
2196,data/energy/images/2196.jpg
2197,data/energy/images/2197.jpg
2198,data/energy/images/2198.jpg
2199,data/energy/images/2199.jpg
2200,data/energy/images/2200.jpg
2201,data/energy/images/2201.jpg
2202,data/energy/images/2202.jpg
2203,data/energy/images/2203.jpg
2204,data/energy/images/2204.jpg
2205,data/energy/images/2205.jpg
2206,data/energy/images/2206.jpg
2207,data/energy/images/2207.jpg
2208,data/energy/images/2208.jpg
2209,data/energy/images/2209.jpg
2210,data/energy/images/2210.jpg
2211,data/energy/images/2211.jpg
2212,data/energy/images/2212.jpg
2213,data/energy/images/2213.jpg
2214,data/energy/images/2214.jpg
2215,data/energy/images/2215.jpg
2216,data/energy/images/2216.jpg
2217,data/energy/images/2217.jpg
2218,data/energy/images/2218.jpg
2219,data/energy/images/2219.jpg
2220,data/energy/images/2220.jpg
2221,data/energy/images/2221.jpg
2222,data/energy/images/2222.jpg
2223,data/energy/images/2223.jpg
2224,data/energy/images/2224.jpg
2225,data/energy/images/2225.jpg
2226,data/energy/images/2226.jpg
2227,data/energy/images/2227.jpg
2228,data/energy/images/2228.jpg
2229,data/energy/images/2229.jpg
2230,data/energy/images/2230.jpg
2231,data/energy/images/2231.jpg
2232,data/energy/images/2232.jpg
2233,data/energy/images/2233.jpg
2234,data/energy/images/2234.jpg
2235,data/energy/images/2235.jpg
2236,data/energy/images/2236.jpg
2237,data/energy/images/2237.jpg
2238,data/energy/images/2238.jpg
2239,data/energy/images/2239.jpg
2240,data/energy/images/2240.jpg
2241,data/energy/images/2241.jpg
2242,data/energy/images/2242.jpg
2243,data/energy/images/2243.jpg
2244,data/energy/images/2244.jpg
2245,data/energy/images/2245.jpg
2246,data/energy/images/2246.jpg
2247,data/energy/images/2247.jpg
2248,data/energy/images/2248.jpg
2249,data/energy/images/2249.jpg
2250,data/energy/images/2250.jpg
2251,data/energy/images/2251.jpg
2252,data/energy/images/2252.jpg
2253,data/energy/images/2253.jpg
2254,data/energy/images/2254.jpg
2255,data/energy/images/2255.jpg
2256,data/energy/images/2256.jpg
2257,data/energy/images/2257.jpg
2258,data/energy/images/2258.jpg
2259,data/energy/images/2259.jpg
2260,data/energy/images/2260.jpg
2261,data/energy/images/2261.jpg
2262,data/energy/images/2262.jpg
2263,data/energy/images/2263.jpg
2264,data/energy/images/2264.jpg
2265,data/energy/images/2265.jpg
2266,data/energy/images/2266.jpg
2267,data/energy/images/2267.jpg
2268,data/energy/images/2268.jpg
2269,data/energy/images/2269.jpg
2270,data/energy/images/2270.jpg
2271,data/energy/images/2271.jpg
2272,data/energy/images/2272.jpg
2273,data/energy/images/2273.jpg
2274,data/energy/images/2274.jpg
2275,data/energy/images/2275.jpg
2276,data/energy/images/2276.jpg
2277,data/energy/images/2277.jpg
2278,data/energy/images/2278.jpg
2279,data/energy/images/2279.jpg
2280,data/energy/images/2280.jpg
2281,data/energy/images/2281.jpg
2282,data/energy/images/2282.jpg
2283,data/energy/images/2283.jpg
2284,data/energy/images/2284.jpg
2285,data/energy/images/2285.jpg
2286,data/energy/images/2286.jpg
2287,data/energy/images/2287.jpg
2288,data/energy/images/2288.jpg
2289,data/energy/images/2289.jpg
2290,data/energy/images/2290.jpg
2291,data/energy/images/2291.jpg
2292,data/energy/images/2292.jpg
2293,data/energy/images/2293.jpg
2294,data/energy/images/2294.jpg
2295,data/energy/images/2295.jpg
2296,data/energy/images/2296.jpg
2297,data/energy/images/2297.jpg
2298,data/energy/images/2298.jpg
2299,data/energy/images/2299.jpg
2300,data/energy/images/2300.jpg
2301,data/energy/images/2301.jpg
2302,data/energy/images/2302.jpg
2303,data/energy/images/2303.jpg
2304,data/energy/images/2304.jpg
2305,data/energy/images/2305.jpg
2306,data/energy/images/2306.jpg
2307,data/energy/images/2307.jpg
2308,data/energy/images/2308.jpg
2309,data/energy/images/2309.jpg
2310,data/energy/images/2310.jpg
2311,data/energy/images/2311.jpg
2312,data/energy/images/2312.jpg
2313,data/energy/images/2313.jpg
2314,data/energy/images/2314.jpg
2315,data/energy/images/2315.jpg
2316,data/energy/images/2316.jpg
2317,data/energy/images/2317.jpg
2318,data/energy/images/2318.jpg
2319,data/energy/images/2319.jpg
2320,data/energy/images/2320.jpg
2321,data/energy/images/2321.jpg
2322,data/energy/images/2322.jpg
2323,data/energy/images/2323.jpg
2324,data/energy/images/2324.jpg
2325,data/energy/images/2325.jpg
2326,data/energy/images/2326.jpg
2327,data/energy/images/2327.jpg
2328,data/energy/images/2328.jpg
2329,data/energy/images/2329.jpg
2330,data/energy/images/2330.jpg
2331,data/energy/images/2331.jpg
2332,data/energy/images/2332.jpg
2333,data/energy/images/2333.jpg
2334,data/energy/images/2334.jpg
2335,data/energy/images/2335.jpg
2336,data/energy/images/2336.jpg
2337,data/energy/images/2337.jpg
2338,data/energy/images/2338.jpg
2339,data/energy/images/2339.jpg
2340,data/energy/images/2340.jpg
2341,data/energy/images/2341.jpg
2342,data/energy/images/2342.jpg
2343,data/energy/images/2343.jpg
2344,data/energy/images/2344.jpg
2345,data/energy/images/2345.jpg
2346,data/energy/images/2346.jpg
2347,data/energy/images/2347.jpg
2348,data/energy/images/2348.jpg
2349,data/energy/images/2349.jpg
2350,data/energy/images/2350.jpg
2351,data/energy/images/2351.jpg
2352,data/energy/images/2352.jpg
2353,data/energy/images/2353.jpg
2354,data/energy/images/2354.jpg
2355,data/energy/images/2355.jpg
2356,data/energy/images/2356.jpg
2357,data/energy/images/2357.jpg
2358,data/energy/images/2358.jpg
2359,data/energy/images/2359.jpg
2360,data/energy/images/2360.jpg
2361,data/energy/images/2361.jpg
2362,data/energy/images/2362.jpg
2363,data/energy/images/2363.jpg
2364,data/energy/images/2364.jpg
2365,data/energy/images/2365.jpg
2366,data/energy/images/2366.jpg
2367,data/energy/images/2367.jpg
2368,data/energy/images/2368.jpg
2369,data/energy/images/2369.jpg
2370,data/energy/images/2370.jpg
2371,data/energy/images/2371.jpg
2372,data/energy/images/2372.jpg
2373,data/energy/images/2373.jpg
2374,data/energy/images/2374.jpg
2375,data/energy/images/2375.jpg
2376,data/energy/images/2376.jpg
2377,data/energy/images/2377.jpg
2378,data/energy/images/2378.jpg
2379,data/energy/images/2379.jpg
2380,data/energy/images/2380.jpg
2381,data/energy/images/2381.jpg
2382,data/energy/images/2382.jpg
2383,data/energy/images/2383.jpg
2384,data/energy/images/2384.jpg
2385,data/energy/images/2385.jpg
2386,data/energy/images/2386.jpg
2387,data/energy/images/2387.jpg
2388,data/energy/images/2388.jpg
2389,data/energy/images/2389.jpg
2390,data/energy/images/2390.jpg
2391,data/energy/images/2391.jpg
2392,data/energy/images/2392.jpg
2393,data/energy/images/2393.jpg
2394,data/energy/images/2394.jpg
2395,data/energy/images/2395.jpg
2396,data/energy/images/2396.jpg
2397,data/energy/images/2397.jpg
2398,data/energy/images/2398.jpg
2399,data/energy/images/2399.jpg
2400,data/energy/images/2400.jpg
2401,data/energy/images/2401.jpg
2402,data/energy/images/2402.jpg
2403,data/energy/images/2403.jpg
2404,data/energy/images/2404.jpg
2405,data/energy/images/2405.jpg
2406,data/energy/images/2406.jpg
2407,data/energy/images/2407.jpg
2408,data/energy/images/2408.jpg
2409,data/energy/images/2409.jpg
2410,data/energy/images/2410.jpg
2411,data/energy/images/2411.jpg
2412,data/energy/images/2412.jpg
2413,data/energy/images/2413.jpg
2414,data/energy/images/2414.jpg
2415,data/energy/images/2415.jpg
2416,data/energy/images/2416.jpg
2417,data/energy/images/2417.jpg
2418,data/energy/images/2418.jpg
2419,data/energy/images/2419.jpg
2420,data/energy/images/2420.jpg
2421,data/energy/images/2421.jpg
2422,data/energy/images/2422.jpg
2423,data/energy/images/2423.jpg
2424,data/energy/images/2424.jpg
2425,data/energy/images/2425.jpg
2426,data/energy/images/2426.jpg
2427,data/energy/images/2427.jpg
2428,data/energy/images/2428.jpg
2429,data/energy/images/2429.jpg
2430,data/energy/images/2430.jpg
2431,data/energy/images/2431.jpg
2432,data/energy/images/2432.jpg
2433,data/energy/images/2433.jpg
2434,data/energy/images/2434.jpg
2435,data/energy/images/2435.jpg
2436,data/energy/images/2436.jpg
2437,data/energy/images/2437.jpg
2438,data/energy/images/2438.jpg
2439,data/energy/images/2439.jpg
2440,data/energy/images/2440.jpg
2441,data/energy/images/2441.jpg
2442,data/energy/images/2442.jpg
2443,data/energy/images/2443.jpg
2444,data/energy/images/2444.jpg
2445,data/energy/images/2445.jpg
2446,data/energy/images/2446.jpg
2447,data/energy/images/2447.jpg
2448,data/energy/images/2448.jpg
2449,data/energy/images/2449.jpg
2450,data/energy/images/2450.jpg
2451,data/energy/images/2451.jpg
2452,data/energy/images/2452.jpg
2453,data/energy/images/2453.jpg
2454,data/energy/images/2454.jpg
2455,data/energy/images/2455.jpg
2456,data/energy/images/2456.jpg
2457,data/energy/images/2457.jpg
2458,data/energy/images/2458.jpg
2459,data/energy/images/2459.jpg
2460,data/energy/images/2460.jpg
2461,data/energy/images/2461.jpg
2462,data/energy/images/2462.jpg
2463,data/energy/images/2463.jpg
2464,data/energy/images/2464.jpg
2465,data/energy/images/2465.jpg
2466,data/energy/images/2466.jpg
2467,data/energy/images/2467.jpg
2468,data/energy/images/2468.jpg
2469,data/energy/images/2469.jpg
2470,data/energy/images/2470.jpg
2471,data/energy/images/2471.jpg
2472,data/energy/images/2472.jpg
2473,data/energy/images/2473.jpg
2474,data/energy/images/2474.jpg
2475,data/energy/images/2475.jpg
