query-id,text
0,독일의 E.ON과 RWE 합병 전략이 2021년 초 육상 풍력 발전 수요 커버리지 급등에 어떤 영향을 미쳤는가?
1,석탄 화력발전과 재생에너지의 도매가격 결정 방식은 어떤 차이가 있나요?
2,덴마크 송전계통의 HVDC 연결 구조와 배전 지역 회사들의 관할 구역은 어떻게 다른가요?
3,"대전광역시 기반산업과의 에너지산업팀과 에너지보급팀의 주요 업무는 무엇이며, 다른 광역지자체의 에너지 전담부서 구조와 어떻게 다른가요?"
4,2018년 수정된 로드맵의 국내 감축 목표와 대전광역시 직접배출량 감소율을 에너지 부문 중심으로 비교하라
5,대전광역시에서 상업시설과 공공시설의 태양광 에너지 활용도가 다른 신재생에너지원과 비교해 현저히 높은 이유는 무엇인가요?
6,스페인의 국가 에너지 및 기후변화 통합계획(NECP)과 영국의 신규 원전 및 SMR 도입 전략이 탄소중립 목표 달성에 어떻게 다른 방식으로 기여하는가?
7,MISO의 석탄 발전 비중이 높은 것이 재무적송전권시장 결제금액 비중과 관련이 있는가?
8,석유대체연료의 품질검사 주기와 검사 방법을 석유제품과 비교하여 설명하시오.
9,주요 ISO의 가상입찰 시스템과 실시간시장 입찰 방식에서 재생에너지 처리 방식의 차이점을 설명하라.
10,"대전광역시의 신재생에너지 세부사업 중 산업단지 태양광, 영농형 태양광, 대학교 태양광 사업의 주요 차이점(사업 규모, 재원 구조, 법적 근거)은 무엇인가요?"
11,독일 현물시장 참가자 수 감소가 선물시장 비중 확대와 시장 구조 분화와 관련이 있나요?
12,덴마크의 2020~2030 에너지 합의와 2022년 에너지 독립 계획을 비교하여 2050년 탄소중립 목표 달성 전략을 설명하시오.
13,"EU, 프랑스, 일본, 미국의 산업 및 건물 부문에서 에너지효율 향상을 위한 주요 정책과 CCS 확대 전략을 비교하라."
14,2030년 국가 온실가스 감축 목표 달성을 위해 에너지효율 혁신전략과 기후변화대응 기본계획에서 제시하는 주요 추진과제를 부문별로 비교 분석하라.
15,유럽 통계청과 ACER 보고서에서 독일의 산업용 전기요금 순위가 다르게 나타나는 이유는 무엇인가요?
16,대전광역시 테크노파크 에너지자립단지 도심형 마이크로 그리드 사업과 산업단지 수소연료 전지 발전사업의 민간 투자 금액을 비교하시오.
17,2013년부터 2019년까지 유성구와 대덕구에서 추진한 지역에너지절약사업의 세부 사업명과 연도별 투자 금액을 구별로 비교 분석하시오.
18,"대전광역시 산업단지, 영농형, 대학교 태양광 사업의 총 설비용량이 폐기물 에너지 기술적 잠재량을 초과하는가?"
19,2019년 스페인 하루 전 시장과 당일 시장의 전력 거래량 차이를 테라와트시 단위로 계산하시오.
20,중국의 탄소배출권 거래 시장의 단계별 주요 차이점은 무엇인가요?
21,승용차 요일제 이행확인 시스템 구축 사업에 2013년에 집행된 예산은 이후 동일 사업에 예산이 미집행된 이유는 무엇인가요?
22,2017년 기준 대전광역시와 광주광역시의 최종에너지 원별 소비 비중 및 전국 대비 비교
23,대전광역시의 지리적 특성이 에너지이용합리화 추진에 어떻게 반영되었는가?
24,대전광역시 기반산업과의 에너지산업팀과 에너지보급팀이 타 광역지자체의 에너지 담당부서와 비교해 에너지 정책 집행에 어떤 차이점을 보일 수 있나요?
25,전력광역운영기관과 일본 전력거래소(JEPX)의 전력시장 운영 역할 차이를 설명하라.
26,덴마크의 풍력발전 비중 증가와 프랑스의 원자력 발전량 감소 사이의 관계는 무엇인가요?
27,독일의 국가 수소 전략와 캐나다의 지역별 전력소비 현황
28,14.5 계획의 비화석에너지 목표와 새로운 전력 시스템 구축의 단계별 목표를 비교하여 설명하시오.
29, 2022년 인천광역시의 도시가스 및 석유제품 가격 비교
30,"프랑스의 풍력 및 태양광 발전 설비용량 증가 속도와 수요 커버리지를 독일, 스페인, 이탈리아와 비교하라."
31,독일의 재생에너지원별 2018년 전력생산 비중과 2025년 EEG 목표를 비교하여 목록으로 제시하시오
32,CIGS 박막 태양전지 모듈 제조 및 실증사업의 건물일체형태양전지 적용 지역과 태양광 시설용량 목표 간의 차이점은 무엇인가요?
33,서울시의 하수열 활용 지역난방 사업과 대전시의 폐열에너지 이용 현황은 각각 어떤 기술적 발전과 환경적 효과를 보여주고 있나요?
34,"우주태양광발전, 태양광발전, 연료전지의 에너지 변환 원리와 환경적 영향 차이는 무엇인가요?"
35,대전광역시의 임대아파트 태양광발전시설 지원 사업과 복지시설 및 저소득 가구 LED 교체 지원 사업의 지원 대상 및 재원 구성 방식은 어떻게 다른가요?
36,덴마크의 기존 해상풍력 발전용량과 향후 에너지섬 포함 계획의 차이를 비교하라.
37,에너지사용량 신고제도와 에너지진단 제도 대상 절차 비교
38,2011~2015년 미국 재생에너지 발전량 증가율과 2010~2016년 주거용 전기요금 증가율의 차이는 어떻게 되나요?
39,인천시 승용차 증가와 석유소비 감소 관계
40,서울에너지공사와 제주에너지공사의 미션에 기반한 전략 과제를 비교하라.
41,대전 폐기물 에너지 잠재량 대비 산업단지 태양광 및 영농형 태양광의 시장 잠재량 충족 여부
42,서울에너지공사와 제주에너지공사의 설립 근거 및 주요 전략적 목표를 비교하라.
43,일본의 소니 시티와 서울 서남물재생센터의 하수처리수 열 활용 방식은 어떻게 다른가?
44,2030년 전국 통합 전력시장 구축 목표와 새로운 전력 시스템 구축안의 비화석 에너지 비중 확대 전략은 어떻게 연계되어 있나요?
45,2013년 이후 중국 신재생전원 설비 확충에도 불구하고 발전량 기여도가 낮은 주요 원인을 열거하시오.
46,미국과 EU의 에너지·자원 정책에서 환경 규제 완화와 핵심원자재 관리 전략의 차이점은 무엇인가요?
47,독일과 호주의 재생에너지 확대 전략에서 열에너지 전환과 청정에너지 투자의 차이점은 무엇인가요?
48,미국과 일본의 에너지 전환 전략에서 국가 에너지 주도 위원회와 GX2040 비전의 주요 차이점은 무엇인가요?
49,2020년부터 2025년까지의 대전광역시 에너지원별 연평균 증가율 비교
50,"액화석유가스 안전공급 계약제에서 체적판매방법과 중량판매방법의 최소 계약기간은 어떻게 다르며, 소비자보장책임보험의 최대 보상한도는 얼마인가요?"
51,스페인의 CNMC와 캐나다의 주별 전력 규제기관 체계의 주요 차이점은 무엇인가요?
52,2005년과 2007년의 스페인 FIT/FIP 태양광 및 풍력 지원정책 개정 차이
53,"사쿠마, 신시나노, 히가시시미즈 주파수 변환소의 용량 증설이 50Hz와 60Hz 계통 간 전력 교류를 가능하게 했는지 확인하라."
54,대전광역시의 낮은 전력소비량과 바이오디젤 보급률이 지역 에너지 전환 정책에 어떤 영향을 미쳤나요?
55,대전광역시 수송부문과 가정·상업부문의 2000~2017년 에너지 원별 비중 변화를 비교하여 석유에서 가스 및 전력으로의 전환 추세를 설명하라.
56,영국 전력시장에서 용량 시장(CM)과 단기 운영 예비력 시장(STOR) 및 속응성 예비력 시장의 목적과 운영 요건은 어떻게 다른가요?
57,2020년부터 2021년까지 신재생에너지 설비 설치 의무화 비율과 실제 태양광 설치량을 비교하여 분석하시오.
58,2017년 대전광역시와 광주광역시의 최종에너지 원별 소비 비중
59,대전광역시의 수력에너지 시장 잠재량이 0인 반면 도시폐기 바이오매스 잠재량은 높은 이유는 무엇인가?
60,2013-2019년 대전광역시 지역에너지절약사업과 2014-2018년 신재생에너지 지역지원사업의 총 투자금액 차이를 계산하라.
61,한국과 독일의 에너지 전환 정책 및 재생에너지 발전설비 비중 변화 요인을 비교 분석하라.
62,독일의 송전망 확충 시 환경·지역주민 갈등을 해결하기 위한 KNE 및 WebGIS 활용 전략과 한국의 에너지 정책 방향 변경 문제 간 상호 시사점 및 적용 가능성은 무엇인가요?
63,일본의 총 전력소비량이 감소했음에도 CO₂ 배출량이 증가한 원인은 무엇인가요?
64,"온타리오 주의 규제요금제(RPP)와 앨버타주의 규제요금제(RRO)의 가격 결정 주체, 조정 주기, 2023년 가격 상한선 적용 여부를 비교하라."
65,미국 주요 ISO들의 주파수조정시장과 용량시장 운영 방식에서 주요 차이점은 무엇인가요?
66,도안수소연료전지발전소 건립 반대 이유와 에너지 갈등 해결 전략을 비교하라.
67,대전광역시에서 2000년부터 2017년까지 수송부문과 산업부문의 석유제품 및 신재생에너지 소비 추이 차이는 무엇인가요?
68,2023년 인천시 태양광 단독주택 보조금 지원단가 vs 정부 지원기준 도서지역 지원단가 비교
69,대전광역시의 에너지 전환 추세)가 지역난방 요금 억제 정책과 어떤 상호 영향을 미치고 있나요?
70,대전광역시의 LPG 저장탱크 보급사업 경제성과 신재생에너지 보급 현황을 비교하라.
71,중국 재생에너지법 미비와 탄소배출권 가격 하락 간의 인과 관계를 분석하라.
72,독일의 산업용 전기요금이 재생에너지 전환 과정에서 도매가격 하락에도 불구하고 높은 수준을 유지하는 주요 원인은 세금 및 부담금 증가 때문인가요?
73,2023년 인천광역시의  태양광 및 지열에 대한 정부 보조금 지원기준 비교
74,가짜석유제품 포상금 지급 기준과 연탄 가격 구조를 비교하라.
75,신정책 시나리오에서 SDS 시나리오와 RTS에서 2DS 시나리오로 전환 시 에너지 효율의 기여도 차이는 어떻게 다른가요?
76,EU 전력시장 개편안이 프랑스의 ARENH 메커니즘과 EDF에 미치는 영향은 무엇인가요?
77,미국 NEDC의 전력 설비용량 확대 계획과 일본의 GX 산업 전략이 각 국가의 지속 가능한 성장 목표에 어떻게 기여하는지 설명하라.
78,"2022년 앨버타의 전력도매가격 상승률과 온타리오주 8월 HOEP은 각각 얼마였으며, 두 지역의 가격 변동 요인은 무엇인가요?"
79,제3차 에너지기본계획의 최종에너지 소비 감축 목표와 이를 달성하기 위한 지자체별 중점 추진 과제는 무엇인가요?
80,독일 2050년 1차 에너지 소비 감축 목표 vs 덴마크 2023년 전력 가격 변동폭
81,스페인 용량요금 중단 시기와 재생에너지 정책 전환 및 전력부문 적자의 관계
82,인천광역시 에너지사업기금 융자와 도시가스 공급배관 설치비 지원의 신청 절차 및 지원 조건은 어떻게 다른가요?
83,장기 비행 드론용 파워팩 개발 사업과 과학비즈니스벨트 제로에너지 시범단지에서 각각 활용하는 신재생에너지원의 차이점은 무엇인가요?
84,14.5 계획의 5대 목표와 새로운 전력 시스템 구축 단계별 계획을 기반으로 한 에너지 전환 가속화 기술 및 정책을 구체적으로 제시하라.
85,"2022년 한국의 태양광 발전량이 총발전량에서 차지하는 비중은 얼마이며, 2021년 독일과 미국의 태양광 발전 비중과 비교했을 때 어떤 차이가 있나요?"
86,5대 발전집단과 남방전망공사(CSPG)의 전력산업 내 역할과 설비용량 차이는 무엇인가요?
87,대전광역시 2030 온실가스 감축 로드맵의 주요 구성 요소와 균형발전계획의 신재생에너지 보급 목표를 비교하여 나열하시오.
88,국가전망공사(SGCC)와 남방전망공사(CSPG)의 스마트그리드 기술 개발 전략과 신재생에너지 보급 확대 정책을 비교하라.
89,서울에너지공사와 제주에너지공사의 4대 전략 과제에서 공통적으로 강조하는 에너지 분야는 무엇인가요?
90,"2021~2022년 스페인 전기요금 급등의 주요 원인은 무엇이며, 풍력발전 생산량 감소와 국제 가스 가격 변동이 어떤 역할을 했나요?"
91,프랑스의 재생에너지 확대 정책과 2023년 전기요금 인상 조치는 글로벌 에너지 위기에 어떻게 대응한 것인가?
92,뉴욕주와 버몬트주의 재생에너지 목표가 각각 NYISO와 ISONE의 용량시장 가격 변동에 미치는 영향을 비교하라.
93,대전에너지센터에서 실시한 에너지에 대한 인식 조사
94,대전에너지센터의 민관협력 체계 구축 방안과 지역에너지계획에 대한 시민 인식도 설문조사 결과를 비교해 에너지시민 양성 프로그램의 개선 방향을 제시하시오.
95,덴마크의 에너지넷과 스페인의 에너지 전환 전략에서 계통 안정성을 확보하기 위한 주요 조치를 비교하라.
96,'강화된 기후 계획'의 감축 목표 부문에서 가장 큰 비중을 차지하는 부문음 무엇인가요?
97,2021년 국가 수소 전략 추진현황 점검과 2023년 국가 수소 전략 개정안의 관리 체계 및 실행 방안을 비교하라.
98,페로브스카이트 태양전지와 배터리 생산의 2040년 및 2030년 목표 용량을 각각 추출하라.
99,에너지효율개선사업의 단열·창호 공사와 보건복지부의 긴급복지 전기요금 지원은 지원 대상과 방식에서 어떤 차이가 있나요?
100,독일의 주요 송전 사업자별 담당 구역과 2013년부터 2022년까지의 투자 및 운영비용 추이에 어떤 차이가 있나요?
101,2025년 제 6차 에너지계획의 전력자립도와 CO2 감축효과 
102,온타리오와 앨버타 주의 2023년 전기요금 체계에서 시간대별 요금제와 규제 요금 상한선 제도의 운영 목적과 차이점을 비교하라.
103,대전 산업단지 태양광 설치사업과 제로에너지건축물 의무화 정책의 법적 근거 및 장애요인은 어떻게 다른가요?
104,스페인의 신재생관제센터와 인도의 완전능동형 배전 운영체계는 재생에너지 통합 시 어떤 차별화된 접근 방식을 제공하는가?
105,EO 14154와 EO 14162의 주요 정책 내용과 EO 14261의 석탄 산업 지원 조치를 비교·분석하라.
106,미국 에너지 해방 행정명령(EO 14154)과 에너지효율 및 재생에너지국(EERE) 및 화석에너지국(FE)의 예산 삭감이 전기차 보급 및 탄소 중립 정책에 미치는 영향을 비교 분석하라.
107,"2010년부터 2023년까지 산업, 가정·상업·공공, 수송 부문에서 석탄과 신재생에너지 소비 비중 변화를 비교하라."
108,인도의 시장 기반 경제급전 도입이 장기계약 중심의 전력 구매 비용 증가 문제를 해결할 수 있는가?
109,독일의 2045년 탄소중립 정책과 일본의 GX2040 비전의 주요 전략 차이점은 무엇인가요?
110,독일의 4대 전력회사와 에너지 전환 정책을 담당하는 주요 기관의 역할을 나열하시오.
111,'에너지 신산업' 전략에서 가장 큰 CO2 감축 기여를 하는 세부사업은 무엇인가요?
112,일본의 RPS법과 FIT 제도가 2030년 CO₂ 배출계수 감축 목표 달성에 어떻게 기여하고 있는가?
113,일본 전력시장 자유화 단계 및 특정규모전기사업자 점유율 변화
114,영국의 재생에너지 설비 용량 안정성과 인도의 석탄 의존적 전력 시스템의 외부 충격 취약성을 비교하라.
115,"2020~2025년 대전광역시의 석탄, 석유, 천연가스, 전력, 신재생의 부문별 수요 전망 비교"
116,인천광역시에서 환경친화적 자동차(전기차)와 수소전기차에 대한 지원 정책을 비교하라.
117,"대전광역시 전력자립도, 지역내 총생산, 인구 구성 변화가 에너지 정책에 미치는 영향"
118,캘리포니아의 재생에너지 비율 목표가 CAISO의 예비력 마진 기준과 용량시장 가격에 미친 영향은?
119,재생에너지법의 주요 이행 방안과 이를 지원하는 독일 연방 부처들의 역할을 설명하라.
120,"대전광역시 2000~2017년 및 2010~2017년 기간 산업부문과 수송부문의 최종에너지 소비 연평균 증가율 차이를 계산하고, 수송부문 증가율이 더 크게 상승한 이유를 설명하시오."
121,"인천시의 신재생에너지 생산량 비중이 전국 평균보다 낮은 이유는 무엇이며, 중소기업 에너지효율화 사업과 같은 정책과의 연관성은 어떻게 되는가?"
122,"코로나19 기간 동안 온타리오주의 상업용 전력수요 감소가 주 전체 전력수요에 미친 영향은 무엇이며, 포스트 코로나 녹색 성장 전략과 어떻게 연결되나요?"
123,2009년 석탄가격 급등으로 인한 전력회사 손실 요인과 2013년 이후 기풍·기광 현상 발생 원인을 비교하라.
124,인천광역시 에너지위원회의 신재생에너지 지원에 따른 주택호수 증가와 가구원 수 감소로 인한 에너지 수요 관리
125,영국의 UK ETS 운영 방식과 AI 기반 탄소집약도 시각화 도구는 어떻게 넷제로 목표 달성을 지원하는가?
126,코로나19 기간 인도 전력계통의 주파수 변동 원인과 이를 해결하기 위한 보조서비스 발전량 증가 간의 인과관계를 분석하라.
127,FERC 명령 888호와 2000호가 RTO 설립에 미친 영향을 비교 분석하라.
128,후쿠시마 사태 이후 일본의 원자력발전 설비용량 변화와 2030년 신재생에너지 비중 목표를 비교하라.
129,액화석유가스 공급설비 및 소비설비 구분과 가격자유화에 따른 관리체계 변화
130,2019년 스페인 하루 전 시장에서의 거래된 총 전략량
131,2017년 인천광역시와 대전광역시의 최종에너지 부문별 소비 비중 변화
132,EU 청정산업 국가지원 프레임워크(CISAF)와 독일 기후보호법의 산업 탈탄소화 지원 방식을 비교하라.
133,가짜석유제품 신고포상금 지급 요건과 가짜휘발유 판별 방법을 비교하라.
134,미국과 독일·프랑스의 ESS 지원 정책 방식의 차이점은 무엇인가요?
135,해양 및 군수 분야 ESS 핵심기술 개발 로드맵과 배터리 안전성 표준화 기술 간의 관계는 무엇인가요?
136,국가별 ESS 정책과 기술 개발 로드맵의 통합 전략을 설명하라.
137,신재생에너지공급인증서(REC) 가중치 제도가 에너지저장시스템(ESS) 시장 성장에 기여했는가?
138,미국과 유럽의 V2G 실증 프로젝트와 한국의 VGI 기술 개발의 주요 목표와 접근 방식 차이는 무엇인가요?
139,2033년까지 데이터 파이프라인 기술 개발을 위해 필요한 데이터 수신률 향상률은 얼마인가?
140,플러스에너지 건물시스템 개발이 고에너지 소비 시설의 에너지 절감 및 온실가스 감축에 어떻게 기여하는가?
141,2029년에 글로벌 지역단위 유연성 시장 중 3번째로 큰 시장 규모를 지닐 것이라 전망되는 지역을 찾으시오.
142,실증단지에 대한 지역별 구축 현황에 대해서 설명해주세요
143,"수송효율, 청정발전, 에너지안전 3개 분야의 각각의 핵심 목표와 이를 달성하기 위해 제시된 분야별 3대 핵심 기술 전략에 대해 설명하시오."
144,캘리포니아의 VGI 정책과 한국의 분산에너지 활성화 특별법 기반 AutoDR 제도는 전력망 유연성 확보 측면에서 어떤 차이점과 공통점을 가지나요?
145,2024년 8월 자발적DR 감축량이 전년 동기 대비 급증한 원인은 무엇인가요?
146,AI 기반 수요자원 데이터 자동 분류 기술과 데이터 자가 진단 및 회복 기술의 주요 차이점은 무엇인가요?
147,VPP 플랫폼 기술과 섹터커플링 기술을 결합해 에너지슈퍼스테이션 및 장주기 저장시스템을 활용한 전력시장 유연성 강화 방안을 설명하시오.
148,재생에너지 연계 시스템 활성화 기술과 지역단위 GEB/ZEB 기술개발의 통합 관리 방안을 설명하라.
149,미국과 유럽의 SAF 의무화 정책과 국내 ZEB 인증제도의 주요 지원 대상 및 방식을 비교하라.
150,IE5급 산업용 전동기의 현재 기술 수준과 2033년 목표 효율을 비교하라.
151,중소기업 펌프·송풍기 효율향상 기술과 하이퍼스케일급 데이터센터 전력변환기 기술의 개발 단계 및 핵심기술을 비교하라.
152,산업용 고온 히트펌프가 2033년 목표인 200°C 이상 스팀 생산을 달성하기 위해 개발 중인 핵심 요소기기와 시스템 설계 기술은 무엇인가요?
153,액침냉각 기반 데이터센터 열관리 기술과 자연냉매 기반 초저온 냉열설비 기술의 적용 분야 및 기술 접근 방식 차이점은 무엇인가요?
154,데이터센터와 반도체 클린룸의 에너지 절감 기술개발 목표 및 핵심 기술 방식을 비교하라.
155,실증/상용화 단계에 있는 SAF 생산기술의 총 개수는 몇 개인가요?
156,"RE100 이니셔티브에 참여하는 기업들이 주로 활용하는 태양광 모듈 공급업체는 무엇이며, 해당 기업들의 시장 점유율은 어떻게 되나요?"
157,태양광과 풍력 분야 모두 독일과 기술 협력을 진행하고 있는가?
158,순환자원에 대한 핵심 기술 중 정부 주도로 이루어지는 전략과제의 수
159,국내 ESS용 PCS 시장의 주요 공급업체와 각 기업의 역할을 나열하시오.
160,ESS 안전 표준화 기술 vs ESS 가치 극대화 신뢰성 기반기술 비교
161,국내외 기관의 바나듐 흐름전지와 리튬 이온 전지 기술 격차 및 주요 개발 과제를 비교하라.
162,"주파수조정 ESS와 해양산업 ESS의 적용 분야, 기술적 요구사항, 시장규모"
163,상업용 건물에서 비상발전기 대체 및 수요관리를 위한 ESS 도입이 2025년까지 시장 확장의 주요 동인으로 작용하는 이유는 무엇인가요?
164,국내 ESS 산업의 화재 사고 증가에도 불구하고 국제표준 제정을 주도하면 시장 위기를 극복할 수 있는가?
165,AI 기반 수요자원 데이터 자동 분류 기술과 데이터 파이프라인 표준화 기술은 에너지 관리 시스템에서 어떤 차이점과 공통점을 가지나요?
166,지역단위 GEB/ZEB 기술개발의 2028년과 2033년 기대효과를 비교하시오.
167,V1G와 V2G 기술의 전력 흐름 차이점과 수요반응 프로그램에서의 적용 방식은 어떻게 다른가요?
168,산업용 전동기 시장과 데이터센터 시장에 대한 성장 전망 비교 및 지역별 정책 영향
169,가변속 중대형 펌프 개발과 산업용 펌프 고효율 부품개발 공용화의 개발 기간 차이는 몇 년인가요?
170,"상변화, 열화학, 하이브리드 열저장 기술이 탄소중립 목표 달성에 어떻게 기여하는지 비교 분석하라."
171,건물에너지 설비 전기화와 냉난방 설비 고효율화 기술의 탄소배출 감축 전략 및 적용 기술을 비교하라.
172,저온수 난방 시스템과 하이브리드 냉난방 시스템 기술 개발이 건물 탄소중립 목표 달성에 어떤 방식으로 기여하나요?
